id,isFrod,probability
Д\286\012042875,1,0.9625008549667122
Д\286\012043027,1,0.986563200687406
Д\286\012043729,1,0.9508041762056775
Д\286\012043729,1,0.9508041762056775
Д\286\012043729,1,0.9508041762056775
Д\286\012043729,1,0.9585062218311609
Д\286\012046569,1,0.9885237323549234
Д\286\012046674,1,0.9916620747999962
Д\286\012046794,1,0.9883078023848474
Д\286\012046910,1,0.9808966041464983
Д\286\012046910,1,0.9899980257875252
Д\286\012047009,1,0.9803372894180737
Д\286\012047167,1,0.9736671850344639
Д\286\012047429,1,0.9944758362444506
Д\286\012048716,1,0.8272518934571912
Д\286\012048716,1,0.901638852507898
Д\286\012048716,1,0.9508041762056775
Д\286\012048930,1,0.9945662388993743
Д\286\012049114,1,0.991790524679795
Д\286\012049114,1,0.9704558532811121
Д\286\012049202,1,0.981110098607004
Д\286\012049202,1,0.973556270665868
Д\286\012049309,1,0.9888749912263244
Д\286\012049309,1,0.9766572854794091
Д\286\012049401,1,0.9883236475293415
Д\286\012049401,1,0.9951176358235106
Д\286\012049444,1,0.9928757581743851
Д\286\012049494,1,0.9803463666688514
Д\286\012049494,1,0.9529438957850956
Д\286\012049510,1,0.968867856275243
Д\286\012049714,1,0.9810358225214499
Д\286\012049968,1,0.9799638995322527
Д\286\012049968,1,0.9770364643306088
Д\286\012050175,1,0.952450890340982
Д\286\012050175,1,0.9705290896847703
Д\286\012050176,1,0.9204260675308618
Д\286\012050226,1,0.986926188955585
Д\286\012050325,1,0.9649221613153971
Д\286\012050720,1,0.9849453328628209
Д\286\012050782,1,0.9855951233761029
Д\286\012051133,1,0.9930940636489177
Д\286\012051540,1,0.8810961430224813
Д\286\012051540,1,0.9331535952392856
Д\286\012051540,1,0.7726301082345227
Д\286\012051540,1,0.9499233257393613
Д\286\012051540,1,0.5495023158881707
Д\286\012051971,1,0.9909090160886338
Д\286\012052065,1,0.9551605413650908
Д\286\012052264,1,0.991828357150452
Д\286\012052264,1,0.9301163304845043
Д\286\012052487,1,0.9806466873597053
Д\286\012052487,1,0.9984216506359113
Д\286\012052487,1,0.9710055845362041
Д\286\012052629,1,0.8391903047497977
Д\286\012052629,1,0.9953776627960973
Д\286\012052666,1,0.9238441733258962
Д\286\012052708,1,0.9043918376004809
Д\286\012052805,1,0.9906789832287323
Д\286\012052921,1,0.9917473074383811
Д\286\012053049,1,0.9560243858449484
Д\286\012053159,1,0.9652602805341514
Д\286\012053681,1,0.9638764965776035
Д\286\012053871,1,0.9874899733123594
Д\286\012054115,1,0.9884702568519178
Д\286\012054115,1,0.9804464511252174
Д\286\012054184,1,0.9698164137717248
Д\286\012054184,1,0.8598496271602387
Д\286\012054203,1,0.9856686930352666
Д\286\012054569,1,0.9860098719346917
Д\286\012054569,1,0.9777312249230732
Д\286\012054934,1,0.9789859490073277
Д\286\012055232,1,0.9695698867555357
Д\286\012055317,1,0.9948345606570852
Д\286\012055449,1,0.9902179231998247
Д\286\012055548,1,0.9585313557072743
Д\286\012055550,1,0.9972181851778368
Д\286\012055562,1,0.9466003766260982
Д\286\012055583,1,0.9839196342500639
Д\286\012056090,1,0.9932461129448812
Д\286\012056104,1,0.9823031566859116
Д\286\012056117,1,0.9671502171489744
Д\286\012056236,1,0.9889895541435115
Д\286\012056236,1,0.9900570150326223
Д\286\012056252,1,0.9709062943304677
Д\286\012056252,1,0.960264356031556
Д\286\012056290,1,0.9832516437572836
Д\286\012056306,1,0.9892432559334259
Д\286\012056439,1,0.9879682727740683
Д\286\012056449,1,0.9893553124619855
Д\286\012056449,1,0.9789610496683087
Д\286\012056449,1,0.9823464496141802
Д\286\012056477,1,0.9941203195756316
Д\286\012056551,1,0.9949310482210842
Д\286\012056551,1,0.9848706613100339
Д\286\012056873,1,0.9307335257562798
Д\286\012057333,1,0.9783110180803134
Д\286\012057807,0,0.4054123674752899
Д\286\012057974,1,0.9823291159106301
Д\286\012058158,1,0.9839476398796863
Д\286\012058385,1,0.9822566802932965
Д\286\012058518,1,0.9684121407554807
Д\286\012058740,1,0.9618560716717118
Д\286\012058740,1,0.9593994340538257
Д\286\012058843,1,0.9616634196113755
Д\286\012058843,1,0.939716721551208
Д\286\012058843,1,0.982366161718649
Д\286\012058863,1,0.9627956495019515
Д\286\012058863,1,0.9909165611594929
Д\286\012059052,1,0.9652851524995087
Д\286\012059052,1,0.9802602093879145
Д\286\012059566,1,0.9730153287909165
Д\286\012059566,1,0.9371912984778397
Д\286\012059587,1,0.9494741301626265
Д\286\012059587,1,0.8220429604989153
Д\286\012059588,1,0.9971676336936056
Д\286\012059949,1,0.9345672813361744
Д\286\012059949,1,0.9897114216747387
Д\286\012060022,1,0.9876472410971338
Д\286\012060330,1,0.9585498581823708
Д\286\012060619,1,0.980717618595664
Д\286\012061011,1,0.9517673013791973
Д\286\012061015,1,0.9973543964969751
Д\286\012061015,1,0.7487014823597501
Д\286\012061015,1,0.90433433700964
Д\286\012061015,1,0.9944782025018404
Д\286\012061059,1,0.7944524728775736
Д\286\012061074,1,0.988460026832421
Д\286\012061074,1,0.9874663833452685
Д\286\012061245,1,0.996775840777659
Д\286\012061396,1,0.9587896626085098
Д\286\012061671,1,0.8501550258837193
Д\286\012061671,1,0.9881846338804745
Д\286\012062157,1,0.9798466319592822
Д\286\012062272,1,0.9989938218485829
Д\286\012062275,1,0.9531436337831712
Д\286\012062397,1,0.9915160710258372
Д\286\012062638,1,0.9634794041523297
Д\286\012063033,1,0.9412621631117207
Д\286\012063085,1,0.9814923645053834
Д\286\012063239,1,0.9898540940008158
Д\286\012063416,1,0.9932392912732315
Д\286\012063416,1,0.9876311966442292
Д\286\012063416,1,0.9918862059285918
Д\286\012063643,1,0.9652580871740073
Д\286\012063643,1,0.9697511602420249
Д\286\012063782,1,0.9754930694672674
Д\286\012063782,1,0.9745016749544892
Д\286\012063811,1,0.903801766936477
Д\286\012063811,1,0.818503667902009
Д\286\012064015,1,0.9165018617561964
Д\286\012064042,1,0.7973534333609222
Д\286\012064094,1,0.9870519413188658
Д\286\012064094,1,0.9844453013655311
Д\286\012064244,1,0.9920351442918565
Д\286\012064244,1,0.9849464912066399
Д\286\012064245,1,0.9861765931924664
Д\286\012064266,1,0.7809666474448063
Д\286\012064283,1,0.6632630287426143
Д\286\012064441,1,0.9781311444371692
Д\286\012064688,1,0.966044995922943
Д\286\012064733,1,0.9627553725367316
Д\286\012064744,1,0.7031462575514582
Д\286\012064744,1,0.8006537879888472
Д\286\012064744,1,0.9645513629212336
Д\286\012065070,1,0.8530701695497498
Д\286\012065113,1,0.9919687636184233
Д\286\012065113,1,0.8972590545336169
Д\286\012065286,1,0.9929906601019266
Д\286\012065465,1,0.9872491589316995
Д\286\012065627,1,0.868113236812368
Д\286\012065627,1,0.9876035731142687
Д\286\012065775,1,0.969847754808097
Д\286\012065815,1,0.9732248068157272
Д\286\012065841,1,0.882240544792628
Д\286\012065841,1,0.9403728395087173
Д\286\012065841,1,0.995396260391966
Д\286\012066039,1,0.9977260334228479
Д\286\012066039,1,0.9689273733215721
Д\286\012066065,1,0.9954192599834587
Д\286\012066399,1,0.9954096711664085
Д\286\012067326,1,0.9846828908326886
Д\286\012067715,1,0.9913460274086513
Д\286\012067760,1,0.9922949188574657
Д\286\012067762,1,0.9940956302344603
Д\286\012067864,1,0.9871997495338234
Д\286\012068064,1,0.9798543293745766
Д\286\012068894,1,0.99513384323375
Д\286\012068937,1,0.9979452029845198
Д\286\012068987,1,0.9408237489907607
Д\286\012068989,1,0.9916787158296496
Д\286\012069136,1,0.9939676069156322
Д\286\012069173,1,0.9889138455076588
Д\286\012069390,1,0.9439647887930466
Д\286\012069390,1,0.9957364719304007
Д\286\012069457,1,0.989658460904629
Д\286\012069457,1,0.9698191215604129
Д\286\012069474,1,0.977501345815679
Д\286\012069596,1,0.8351603851164839
Д\286\012069702,1,0.9431970063502142
Д\286\012069895,1,0.9856229421333206
Д\286\012069932,1,0.9832615561072335
Д\286\012070103,1,0.9889503440672388
Д\286\012070470,1,0.9867839887020635
Д\286\012070470,1,0.9832522902691351
Д\286\012070470,1,0.9792256862391167
Д\286\012070470,1,0.9797413130034027
Д\286\012070470,1,0.9799717137832377
Д\286\012071077,1,0.9495567932017875
Д\286\012071096,1,0.949361926591887
Д\286\012071270,1,0.9885835383877607
Д\286\012071415,1,0.9784527429658552
Д\286\012071415,1,0.9608002292262311
Д\286\012071415,1,0.9910459527913096
Д\286\012071616,1,0.9937202580096041
Д\286\012071767,1,0.9721058313618214
Д\286\012072221,1,0.988430722351414
Д\286\012072258,1,0.9717700076254273
Д\286\012072609,1,0.9913769772380646
Д\286\012073060,1,0.9644178518356294
Д\286\012073254,1,0.9731703628258187
Д\286\012073321,1,0.956652152324677
Д\286\012073378,1,0.9489004456109609
Д\286\012073378,1,0.9766116767419576
Д\286\012073477,1,0.986235538861445
Д\286\012073523,1,0.9312316407280472
Д\286\012073564,1,0.9660071011967754
Д\286\012073750,1,0.9838641555132559
Д\286\012073820,1,0.9852568380616984
Д\286\012073820,1,0.9857681648052966
Д\286\012073950,1,0.9687672652343019
Д\286\012073985,1,0.9924969887863543
Д\286\012073994,1,0.9363108455670989
Д\286\012074211,1,0.9689525259525206
Д\286\012074471,1,0.9930231651639321
Д\286\012074501,1,0.977151416812145
Д\286\012074501,1,0.9303802448700449
Д\286\012074501,1,0.9623656582817807
Д\286\012074667,1,0.9876115704181373
Д\286\012074772,1,0.9915242404077836
Д\286\012074945,1,0.9903284396068963
Д\286\012075335,1,0.9920636239128291
Д\286\012075407,1,0.9823442199713749
Д\286\012075407,1,0.9508041762056775
Д\286\012075496,1,0.9831932033509883
Д\286\012075838,1,0.767533849489492
Д\286\012076266,1,0.9472816878744601
Д\286\012076266,1,0.9497777840508983
Д\286\012076266,1,0.879356666637831
Д\286\012076778,1,0.9957392329809898
Д\286\012076893,1,0.991094864125855
Д\286\012077197,1,0.9877813151450807
Д\286\012077618,1,0.9124670234301879
Д\286\012077635,1,0.968363474285868
Д\286\012077889,1,0.9838840574914763
Д\286\012078412,1,0.9719364639197949
Д\286\012078509,1,0.99690066412183
Д\286\012078871,1,0.9870636687975849
Д\286\012079172,1,0.985079719530167
Д\286\012079188,1,0.9780219819579238
Д\286\012079293,1,0.9736401243437657
Д\286\012079466,1,0.9508041762056775
Д\286\012079499,1,0.9909419775141588
Д\286\012079499,1,0.9481196630096899
Д\286\012079499,1,0.9732299436244385
Д\286\012079605,1,0.9922219978125981
Д\286\012079640,1,0.9639462566439967
Д\286\012079657,1,0.9694148898073423
Д\286\012079940,1,0.9913352330743463
Д\286\012079993,1,0.9951405870673363
Д\286\012080255,1,0.9763155164190503
Д\286\012080329,1,0.9932709023501335
Д\286\012080576,1,0.9896769068550819
Д\286\012080912,1,0.9930837450279151
Д\286\012081150,1,0.9832395989091507
Д\286\012081260,1,0.9803611258839322
Д\286\012081280,1,0.9721123720811817
Д\286\012081280,1,0.995209246629885
Д\286\012081300,1,0.9683770060865873
Д\286\012081317,1,0.9091696394876059
Д\286\012081317,1,0.9448266168926963
Д\286\012081317,1,0.9919489374043714
Д\286\012081317,1,0.8457329932624262
Д\286\012081482,1,0.9797562396577272
Д\286\012081629,1,0.9978919206030826
Д\286\012081664,1,0.9912573441113187
Д\286\012082411,1,0.9829121518757811
Д\286\012082411,1,0.9747794405965851
Д\286\012082411,1,0.9441217374999005
Д\286\012082822,1,0.9761229849921657
Д\286\012083247,1,0.9638498931062209
Д\286\012083316,1,0.9873529103325229
Д\286\012083317,1,0.9952348575223587
Д\286\012083317,1,0.9220130994975847
Д\286\012083358,1,0.9698603248495185
Д\286\012083384,1,0.9960065848211073
Д\286\012083886,1,0.9930744773966163
Д\286\012084209,0,0.47980023579871217
Д\286\012084307,1,0.9679392180999555
Д\286\012084307,1,0.9495623325716815
Д\286\012084377,1,0.9875558392397172
Д\286\012084377,1,0.9804939326710645
Д\286\012084486,1,0.9407493364655058
Д\286\012084486,1,0.99042670758691
Д\286\012084798,1,0.8113069994848289
Д\286\012084865,1,0.9054162206569574
Д\286\012084947,1,0.9600381454936388
Д\286\012085034,1,0.9905960238567595
Д\286\012085034,1,0.9695908382226757
Д\286\012085034,1,0.922097756131872
Д\286\012085034,1,0.975336342914007
Д\286\012085112,1,0.990273167025928
Д\286\012085128,1,0.9803927759884027
Д\286\012086031,1,0.9859123020209952
Д\286\012086031,1,0.9377827730433295
Д\286\012086096,1,0.9655351429550556
Д\286\012086229,1,0.9845401465579267
Д\286\012086229,1,0.9729860154987061
Д\286\012086307,1,0.9929990344548786
Д\286\012086307,1,0.983295343268148
Д\286\012086534,1,0.9789316394930797
Д\286\012086766,1,0.9564138994233861
Д\286\012086918,1,0.9929297805119102
Д\286\012087118,1,0.9900843230843638
Д\286\012087488,1,0.9647244615976309
Д\286\012087672,1,0.9637096336747993
Д\286\012087675,1,0.9897510886229174
Д\286\012087864,1,0.9508607661656095
Д\286\012087963,1,0.9858611058599681
Д\286\012087963,1,0.9932700978411513
Д\286\012087963,1,0.886891501455109
Д\286\012088125,1,0.9655602657362963
Д\286\012088381,1,0.9976923916208543
Д\286\012088564,1,0.9634026242061365
Д\286\012088699,1,0.9841431361161114
Д\286\012088699,1,0.9897135632222572
Д\286\012088728,1,0.986509650515671
Д\286\012088777,1,0.9878222121205121
Д\286\012088777,1,0.9366755975950661
Д\286\012089009,1,0.9901431087565498
Д\286\012089009,1,0.993287202432055
Д\286\012089248,1,0.9931409697995075
Д\286\012089274,1,0.9775870710613187
Д\286\012089340,1,0.9862262796599178
Д\286\012089453,1,0.9786747875702272
Д\286\012089453,1,0.9827072610296763
Д\286\012089712,1,0.9666603019100195
Д\286\012089712,1,0.9791991060511424
Д\286\012089712,1,0.9712833057305053
Д\286\012089870,1,0.993476713005555
Д\286\012089870,1,0.9682441872941754
Д\286\012089952,1,0.9963977911912814
Д\286\012090175,1,0.968105453114703
Д\286\012090282,1,0.98344354328316
Д\286\012090414,1,0.927429076663311
Д\286\012090414,1,0.9296925253517383
Д\286\012090456,1,0.9919901526288039
Д\286\012090637,1,0.9806235828799619
Д\286\012090642,1,0.9833142807910038
Д\286\012090908,1,0.9714257819978152
Д\286\012090908,1,0.9938742136088835
Д\286\012090908,1,0.9747215661720153
Д\286\012090908,1,0.9773678016727428
Д\286\012091180,1,0.967977599118423
Д\286\012091203,1,0.9951241684151967
Д\286\012091320,1,0.975590657297948
Д\286\012091320,1,0.9910241088218519
Д\286\012091393,1,0.9899886177346787
Д\286\012091393,1,0.9887709365114361
Д\286\012091407,1,0.9765128859518061
Д\286\012091407,1,0.9785659928890935
Д\286\012091651,1,0.9836351412191491
Д\286\012091654,1,0.990188146178648
Д\286\012091823,1,0.9635317124637145
Д\286\012091923,1,0.9976167750364231
Д\286\012092019,1,0.9906839444677158
Д\286\012092037,1,0.9907895510182494
Д\286\012092063,1,0.9726964694402177
Д\286\012092063,1,0.9603350926258023
Д\286\012092123,1,0.979071121831389
Д\286\012092123,1,0.8884064721909734
Д\286\012093127,1,0.9705389104756105
Д\286\012093193,1,0.9862944465688684
Д\286\012093204,1,0.9919644487273322
Д\286\012093295,1,0.9856580957078851
Д\286\012093357,1,0.9782805167281559
Д\286\012093446,1,0.9745557216958106
Д\286\012093446,1,0.9131007403024488
Д\286\012093446,1,0.9916595011316088
Д\286\012093512,1,0.9549120621531901
Д\286\012093512,1,0.9624415376352484
Д\286\012093809,1,0.9818705371971522
Д\286\012093809,1,0.8496942779863351
Д\286\012093809,1,0.9942587335021333
Д\286\012093853,1,0.9910861010225795
Д\286\012094092,1,0.9945368252629798
Д\286\012094143,1,0.9880872748461481
Д\286\012094143,1,0.8946179513883274
Д\286\012094220,1,0.9951225083553865
Д\286\012094220,1,0.9970476356981395
Д\286\012094220,1,0.9893760708438329
Д\286\012094231,1,0.9877619007314119
Д\286\012094231,1,0.9729246130600908
Д\286\012094256,1,0.9944020328398127
Д\286\012094373,1,0.8678510558356505
Д\286\012094394,1,0.9165818360783796
Д\286\012094394,1,0.9986684398058635
Д\286\012095323,1,0.9948078665709251
Д\286\012095324,1,0.9868033350608828
Д\286\012095455,1,0.9957782936715596
Д\286\012095455,1,0.9851850278876326
Д\286\012095503,1,0.9771100972063701
Д\286\012095503,1,0.9903595995205628
Д\286\012095503,1,0.9725850374497933
Д\286\012095503,1,0.9548823828611577
Д\286\012096141,1,0.9739465877896016
Д\286\012096151,1,0.9935359470291542
Д\286\012096151,1,0.9779053773191425
Д\286\012096151,1,0.9886892075967431
Д\286\012096519,1,0.9866756443844822
Д\286\012096519,1,0.9959537493104131
Д\286\012096519,1,0.9980377800665453
Д\286\012096783,1,0.9574641492480924
Д\286\012097003,1,0.992594658431848
Д\286\012097003,1,0.982242675546167
Д\286\012097003,1,0.9587860057926796
Д\286\012097100,1,0.9872620335740496
Д\286\012097154,1,0.9898828702615927
Д\286\012097154,1,0.9508041762056775
Д\286\012097201,1,0.9677880854104596
Д\286\012097228,1,0.9330677103348158
Д\286\012097371,1,0.9912906730277301
Д\286\012097422,1,0.9890947533633022
Д\286\012097637,1,0.9830717062479768
Д\286\012097645,1,0.9379252441659319
Д\286\012097661,1,0.8088279219152783
Д\286\012097770,1,0.9247811977059306
Д\286\012097770,1,0.6121055643864572
Д\286\012097770,1,0.9701196353721356
Д\286\012097770,1,0.9058014291884017
Д\286\012097770,1,0.9119412643238539
Д\286\012097770,1,0.8797948944650553
Д\286\012097770,1,0.986727907919701
Д\286\012097770,1,0.9812448611258309
Д\286\012097770,1,0.9682227333968231
Д\286\012097788,1,0.9899198589959344
Д\286\012097905,1,0.9843610794756582
Д\286\012097905,1,0.9913701018257233
Д\286\012097999,1,0.9595076485320386
Д\286\012097999,1,0.9388569774024511
Д\286\012097999,1,0.9853568306245785
Д\286\012098051,1,0.9936944369081652
Д\286\012098342,1,0.9971539714940764
Д\286\012098440,1,0.9761773425899531
Д\286\012098489,1,0.9614027758647347
Д\286\012098578,1,0.9915922751904022
Д\286\012098606,1,0.9723115529954013
Д\286\012098754,1,0.9611924032298296
Д\286\012098754,1,0.8854646902999243
Д\286\012098917,1,0.9905125284189094
Д\286\012098921,1,0.991233614388905
Д\286\012098921,1,0.9913745554046756
Д\286\012098935,1,0.96787432550716
Д\286\012098935,1,0.9572077559480069
Д\286\012098935,1,0.9408676852477436
Д\286\012099005,1,0.9898263848867104
Д\286\012099005,1,0.8429726135353155
Д\286\012099005,1,0.9563170974129779
Д\286\012099026,1,0.7107036397907915
Д\286\012099026,1,0.969620945818853
Д\286\012099341,1,0.9945408297125319
Д\286\012099341,1,0.9941231120839936
Д\286\012099439,1,0.9661107428401278
Д\286\012099439,1,0.9912328777047688
Д\286\012099722,1,0.9916121329669791
Д\286\012099855,1,0.8921668665934049
Д\286\012099877,1,0.9928533117217693
Д\286\012099955,1,0.9796957534821286
Д\286\012099955,1,0.8552274037456833
Д\286\012100131,1,0.9883542171907154
Д\286\012100350,1,0.7647451295794963
Д\286\012100365,1,0.9928299374178552
Д\286\012100544,1,0.9943160109248391
Д\286\012100624,1,0.9896767341439286
Д\286\012101312,1,0.9870942962542213
Д\286\012101434,1,0.997396860114813
Д\286\012101441,1,0.9860974451582456
Д\286\012101592,1,0.9944491217925436
Д\286\012101772,1,0.9943716404863966
Д\286\012101772,1,0.9466678143010198
Д\286\012101915,1,0.9520045970411435
Д\286\012102037,1,0.9875595700287703
Д\286\012102272,1,0.9847682363099635
Д\286\012102272,1,0.9508041762056775
Д\286\012102313,1,0.9859922902555006
Д\286\012102367,1,0.9921768977514984
Д\286\012102585,1,0.9452417397202504
Д\286\012103442,1,0.9964699229692688
Д\286\012103686,1,0.9897703121422938
Д\286\012103699,1,0.9894488190293999
Д\286\012103699,1,0.9582455941731507
Д\286\012103699,1,0.994586580283643
Д\286\012103799,1,0.9799959220710843
Д\286\012103823,1,0.9950868271986602
Д\286\012103823,1,0.9687435665868199
Д\286\012103832,1,0.9951262275988649
Д\286\012104011,1,0.9943012852482223
Д\286\012104011,1,0.9938255442548697
Д\286\012104050,1,0.9966955404439136
Д\286\012104050,1,0.968550593412964
Д\286\012104050,1,0.9727774547183149
Д\286\012104050,1,0.8205203670452269
Д\286\012104127,1,0.989651928230813
Д\286\012104160,1,0.9941510786631886
Д\286\012104160,1,0.9812378423718341
Д\286\012104459,1,0.9917141633107286
Д\286\012104459,1,0.9687818183513023
Д\286\012104547,1,0.9508041762056775
Д\286\012104547,1,0.9508041762056775
Д\286\012104547,1,0.9967682323635626
Д\286\012104573,1,0.9959838275224939
Д\286\012105199,1,0.9827716618716743
Д\286\012105199,1,0.991499261387148
Д\286\012105199,1,0.995242326328387
Д\286\012105199,1,0.9508041762056775
Д\286\012105290,1,0.9798672798082831
Д\286\012105290,1,0.9959807260053296
Д\286\012105290,1,0.8560641285739697
Д\286\012105290,1,0.9769412710990643
Д\286\012105379,1,0.9926927153223786
Д\286\012105417,1,0.9910876626936006
Д\286\012105417,1,0.646530071042819
Д\286\012105417,1,0.9935886931523572
Д\286\012105417,1,0.9508551326065816
Д\286\012105417,1,0.9865763841596839
Д\286\012105588,1,0.9938818724895369
Д\286\012105588,1,0.9983016201674643
Д\286\012105588,1,0.9508041762056775
Д\286\012105700,1,0.9835849256812375
Д\286\012105700,1,0.9264583374543381
Д\286\012105700,1,0.9600178399289058
Д\286\012105700,1,0.994645750422129
Д\286\012105700,1,0.9406547972664321
Д\286\012105700,1,0.9891784039212758
Д\286\012106204,1,0.990378866933205
Д\286\012106288,1,0.995713342084761
Д\286\012106523,1,0.9854596279468155
Д\286\012106896,1,0.9893811867127211
Д\286\012106932,1,0.976058131261064
Д\286\012106932,1,0.8344987164714985
Д\286\012107041,0,0.44592230625304824
Д\286\012107283,1,0.9962724275527148
Д\286\012107283,1,0.9926976614688491
Д\286\012107283,1,0.9919660158667353
Д\286\012107355,1,0.9801532844912176
Д\286\012107355,1,0.967642896459106
Д\286\012107503,1,0.9875533716514123
Д\286\012107530,1,0.9069035207140118
Д\286\012107530,1,0.9383976036161248
Д\286\012107624,1,0.9922195286874659
Д\286\012107642,1,0.9936585807911072
Д\286\012107646,1,0.9853584038219403
Д\286\012107646,1,0.9116230151918849
Д\286\012107661,1,0.9110924022899379
Д\286\012107661,1,0.9593515249834179
Д\286\012108442,1,0.8718752180573247
Д\286\012108442,1,0.9870020236694581
Д\286\012108473,1,0.9892167915149942
Д\286\012108473,1,0.903912266325121
Д\286\012108475,1,0.7893815433325765
Д\286\012108488,0,0.2924168940315975
Д\286\012108488,1,0.970937097946859
Д\286\012108697,1,0.8508336421566256
Д\286\012108784,1,0.9110929734438157
Д\286\012108833,1,0.7343248060983141
Д\286\012108902,1,0.9921433552580343
Д\286\012108921,1,0.9744917941377642
Д\286\012108921,1,0.9965446829472692
Д\286\012109010,1,0.9854855429167345
Д\286\012109389,1,0.9835963665979669
Д\286\012109427,1,0.9839238063180265
Д\286\012109573,1,0.8638137237380266
Д\286\012109573,1,0.9931676516175482
Д\286\012109768,1,0.9355345467996543
Д\286\012109768,1,0.9759791412511584
Д\286\012109888,1,0.9754687427879137
Д\286\012109888,1,0.9952944533665965
Д\286\012109888,1,0.9917852308422556
Д\286\012109888,1,0.9924576880884353
Д\286\012110028,1,0.993356078849074
Д\286\012110168,1,0.9908175591838526
Д\286\012110168,1,0.9778641604269865
Д\286\012110168,1,0.9502650990504501
Д\286\012110208,1,0.9735208314149901
Д\286\012110804,1,0.9760281114428385
Д\286\012110804,1,0.9508041762056775
Д\286\012110804,1,0.9508041762056775
Д\286\012110886,1,0.9901293419238426
Д\286\012110954,1,0.7056526793973616
Д\286\012110989,1,0.9735827389277002
Д\286\012111019,1,0.9845642098515685
Д\286\012111028,1,0.8557655846646743
Д\286\012111028,1,0.9953158169784015
Д\286\012111077,1,0.9670074273608964
Д\286\012111514,1,0.9779457002825301
Д\286\012111806,1,0.9834638024179921
Д\286\012111930,1,0.9708798311819166
Д\286\012112715,1,0.8690806844423717
Д\286\012113206,1,0.9893188905797211
Д\286\012113398,1,0.9906937856968397
Д\286\012113404,1,0.9859604048033791
Д\286\012113670,1,0.9681713836251823
Д\286\012113670,1,0.6100999020968878
Д\286\012113679,1,0.9613328542590361
Д\286\012113773,1,0.9888010366435296
Д\286\012113978,1,0.9906475353337497
Д\286\012114009,1,0.9947980950248669
Д\286\012114181,1,0.9937357095845207
Д\286\012114225,1,0.9754930064894276
Д\286\012114316,1,0.9873999786323598
Д\286\012114391,1,0.9863327868453349
Д\286\012114414,0,0.2985507181887852
Д\286\012114732,1,0.9836392737857123
Д\286\012115009,1,0.7738032718229116
Д\286\012115071,1,0.9923509709399189
Д\286\012115246,1,0.9910636493397554
Д\286\012115263,1,0.9847819316152003
Д\286\012115387,1,0.9939393983202872
Д\286\012115479,1,0.9690782364392538
Д\286\012115479,1,0.9508041762056775
Д\286\012115507,1,0.998064219350085
Д\286\012115637,1,0.9150259966535401
Д\286\012115637,1,0.9770882178573117
Д\286\012116318,1,0.994588495555733
Д\286\012116318,1,0.9786058975230625
Д\286\012116978,1,0.9841404831139495
Д\286\012117189,1,0.9909992281907414
Д\286\012117836,1,0.9852470582418706
Д\286\012118119,1,0.9328905572382074
Д\286\012118472,1,0.7942203809426567
Д\286\012118530,1,0.9955230480673104
Д\286\012118677,1,0.9868120644051066
Д\286\012119145,1,0.9592880142956843
Д\286\012119269,1,0.7886889852685941
Д\286\012119269,1,0.982732869229084
Д\286\012119269,1,0.9820894415788317
Д\286\012119431,1,0.6428140311398438
Д\286\012119466,1,0.9814862709434629
Д\286\012119496,1,0.9830596288347012
Д\286\012119572,1,0.9624969124317436
Д\286\012119577,1,0.9564203720382024
Д\286\012120118,1,0.9851843663171463
Д\286\012120644,1,0.831572609698026
Д\286\012120644,1,0.9662242987749667
Д\286\012120848,1,0.958367787728878
Д\286\012120848,1,0.559100763779583
Д\286\012120920,1,0.9950067984705409
Д\286\012121392,1,0.9170993072894613
Д\286\012121479,1,0.995528387073389
Д\286\012121479,0,0.42007683348595254
Д\286\012121582,1,0.9950871313043762
Д\286\012121749,1,0.9909847552848158
Д\286\012121763,1,0.9712184856270365
Д\286\012122042,1,0.9977266034881231
Д\286\012122042,1,0.9914364813603777
Д\286\012122253,1,0.9929146205623575
Д\286\012122255,1,0.986645576018083
Д\286\012122286,1,0.9762354892339703
Д\286\012122286,1,0.8951795993690396
Д\286\012122391,1,0.6364570397112967
Д\286\012122638,1,0.993652935685441
Д\286\012122647,1,0.9905352611483887
Д\286\012122655,1,0.9717209832137146
Д\286\012122915,1,0.9807897902530925
Д\286\012122925,1,0.9969664598778246
Д\286\012123068,1,0.9882021851307207
Д\286\012123068,1,0.9219567191150994
Д\286\012123258,1,0.913558767562439
Д\286\012123258,1,0.9941318212910965
Д\286\012123335,1,0.976900032177268
Д\286\012123688,1,0.9598410453892171
Д\286\012123711,1,0.9932637649130136
Д\286\012123982,0,0.3563555531417089
Д\286\012123982,1,0.9836197117633775
Д\286\012123982,1,0.9720237078451501
Д\286\012123982,1,0.8859489927258469
Д\286\012124085,1,0.9704047085484313
Д\286\012124085,1,0.9019091553286149
Д\286\012124172,1,0.9984081099396342
Д\286\012124172,1,0.9858679602906266
Д\286\012124172,1,0.9962585325418098
Д\286\012124172,1,0.9508041762056775
Д\286\012124253,1,0.9828109179483989
Д\286\012124341,1,0.9828884391717266
Д\286\012124564,1,0.9913106851165103
Д\286\012124730,1,0.9929445306381769
Д\286\012124744,1,0.9915145404779622
Д\286\012124823,1,0.988853417706457
Д\286\012124872,1,0.9892695217240253
Д\286\012124885,1,0.9860728586951784
Д\286\012125221,1,0.990678361419865
Д\286\012125353,1,0.9885402377314528
Д\286\012125356,1,0.993111151010682
Д\286\012125396,1,0.9888357172249392
Д\286\012125534,1,0.9440734662673578
Д\286\012125534,1,0.9851486756300973
Д\286\012125690,1,0.9969993862631765
Д\286\012125690,1,0.9927723705313525
Д\286\012126052,1,0.9793454863067516
Д\286\012126052,1,0.9785735643440534
Д\286\012126052,1,0.9115642937742986
Д\286\012126135,1,0.9797955402460781
Д\286\012126135,1,0.9837603422019993
Д\286\012126135,1,0.9934636023169389
Д\286\012126278,1,0.717591412381753
Д\286\012126303,1,0.9017247970314701
Д\286\012126303,1,0.9552743504930462
Д\286\012126303,1,0.8713863282896069
Д\286\012126315,1,0.7242001624037295
Д\286\012126315,1,0.9959646572920071
Д\286\012126332,1,0.9797820949285949
Д\286\012126338,1,0.9834392398229347
Д\286\012126375,1,0.9882055995900141
Д\286\012126407,1,0.9635892842215789
Д\286\012126407,1,0.9973960638488278
Д\286\012126429,1,0.9727907502936348
Д\286\012126485,1,0.9126326770377143
Д\286\012126520,1,0.9621319568037664
Д\286\012126520,1,0.9919833049197977
Д\286\012126527,1,0.9794542252549369
Д\286\012126527,1,0.9747796750804618
Д\286\012126676,1,0.9864746816337718
Д\286\012126676,1,0.9908671661514663
Д\286\012126709,1,0.9843562357297891
Д\286\012126754,1,0.9528378005314061
Д\286\012126754,1,0.9508041762056775
Д\286\012126767,1,0.9782366188257161
Д\286\012126783,1,0.9962674296534542
Д\286\012126836,1,0.9883582036517776
Д\286\012126880,1,0.6756387187423474
Д\286\012126880,1,0.9959926059222414
Д\286\012127407,1,0.7647217122170312
Д\286\012127545,1,0.9772703808639619
Д\286\012127545,1,0.957178027052232
Д\286\012127655,1,0.8268223215131806
Д\286\012127739,1,0.9759957407585079
Д\286\012127739,1,0.9919538521063389
Д\286\012127739,1,0.6921664427809839
Д\286\012127739,1,0.976723608153866
Д\286\012127819,1,0.9018171442645171
Д\286\012127819,1,0.8099612311599126
Д\286\012128238,1,0.9734323552318548
Д\286\012128238,1,0.9971809015642557
Д\286\012128238,1,0.9888363018701151
Д\286\012128354,1,0.9860152306350616
Д\286\012128354,1,0.9891015555637855
Д\286\012128354,1,0.8578782993448882
Д\286\012128354,1,0.9322423194539443
Д\286\012128354,1,0.9894719670009865
Д\286\012128473,1,0.9976711183597913
Д\286\012128515,1,0.9913208054868745
Д\286\012128515,1,0.9770036179408212
Д\286\012128515,1,0.8994071157080911
Д\286\012128537,1,0.9492524818601413
Д\286\012129064,1,0.9348234315238801
Д\286\012129209,1,0.9709455378517637
Д\286\012129224,1,0.8935274790759802
Д\286\012129414,1,0.9827923523473452
Д\286\012129551,1,0.9868117480777551
Д\286\012129551,1,0.9723129896380246
Д\286\012130169,1,0.8438930822841515
Д\286\012130169,1,0.9961078972491911
Д\286\012130548,1,0.985848894972451
Д\286\012130557,1,0.9756941865510447
Д\286\012130628,1,0.986170926774427
Д\286\012130628,1,0.6894219920667899
Д\286\012130628,1,0.873395264594653
Д\286\012130628,1,0.9799030789205538
Д\286\012130628,1,0.9619082577576648
Д\286\012130702,1,0.9453144679541761
Д\286\012130729,1,0.7614677016728065
Д\286\012130927,1,0.7460031175725993
Д\286\012130962,1,0.8224262112469939
Д\286\012130962,1,0.996129742714614
Д\286\012131104,1,0.9865539483561014
Д\286\012131145,1,0.9930733246638169
Д\286\012131145,1,0.9846608821309693
Д\286\012131145,1,0.9508041762056775
Д\286\012131205,1,0.9606426942914078
Д\286\012131205,1,0.9825155601451551
Д\286\012131269,1,0.9678022672946153
Д\286\012131386,1,0.9689860001951863
Д\286\012131389,1,0.986938598965964
Д\286\012131426,1,0.9120272661292314
Д\286\012131426,1,0.9750631880881886
Д\286\012131473,1,0.8988782960895131
Д\286\012131473,1,0.9041729488956043
Д\286\012131473,1,0.9912561843736812
Д\286\012131540,1,0.9854700250388152
Д\286\012131903,1,0.991453576231063
Д\286\012131967,1,0.9980031603985715
Д\286\012132050,1,0.7121069491134828
Д\286\012132424,1,0.9895441036817129
Д\286\012132707,1,0.9765775249496299
Д\286\012132726,1,0.9922916549145018
Д\286\012132817,1,0.9976653205980837
Д\286\012133080,1,0.9860948441917972
Д\286\012133095,1,0.9891405128254239
Д\286\012133371,1,0.9922518030632954
Д\286\012133510,1,0.9915761577892145
Д\286\012133714,1,0.9951373776528364
Д\286\012134068,1,0.9396856398492349
Д\286\012134197,1,0.995664644295678
Д\286\012134418,1,0.9754574219433509
Д\286\012134418,1,0.9903201576630267
Д\286\012135171,1,0.928668179708588
Д\286\012135171,1,0.9898025988417097
Д\286\012135199,1,0.9939992557743119
Д\286\012135484,1,0.9925869731655845
Д\286\012135509,1,0.991614866581985
Д\286\012135650,1,0.9875126819001125
Д\286\012135666,1,0.9722446350673174
Д\286\012135680,1,0.924775440728068
Д\286\012135781,1,0.5651131352156185
Д\286\012135781,1,0.9928756859253174
Д\286\012135781,1,0.5792568684906015
Д\286\012135781,1,0.9080185006224567
Д\286\012135831,1,0.8832237816264755
Д\286\012135885,1,0.9589845024504886
Д\286\012135885,1,0.9767406527620669
Д\286\012135894,1,0.9585905930967704
Д\286\012135915,1,0.957178027052232
Д\286\012135948,1,0.9612354472182395
Д\286\012135967,1,0.964073145892382
Д\286\012136063,1,0.9941919039547172
Д\286\012136063,1,0.9912302623228081
Д\286\012136100,1,0.9875432135075748
Д\286\012136100,1,0.761020541601013
Д\286\012136100,1,0.9537906552582487
Д\286\012136163,1,0.9793645218891763
Д\286\012136202,1,0.6712524415031603
Д\286\012136202,1,0.920362365039278
Д\286\012136202,1,0.8116276207175999
Д\286\012136261,1,0.981423580030977
Д\286\012136310,1,0.9676401585037634
Д\286\012136601,1,0.9564389918302856
Д\286\012136746,1,0.9828417396040198
Д\286\012136746,1,0.9623520678745001
Д\286\012136888,1,0.9806868693768733
Д\286\012137787,1,0.9533204396047363
Д\286\012137861,1,0.9715878657930681
Д\286\012138582,1,0.9253022093395136
Д\286\012138593,1,0.9770657687701423
Д\286\012138593,1,0.9639876607015524
Д\286\012138593,1,0.9894303139815029
Д\286\012138593,1,0.9833350293616072
Д\286\012138695,1,0.9896241915245493
Д\286\012138696,1,0.8897837819886478
Д\286\012139200,1,0.9928283145012374
Д\286\012139355,1,0.9396262095660093
Д\286\012139355,1,0.9796003255995903
Д\286\012139366,1,0.9960393771818541
Д\286\012139582,1,0.9829278799366871
Д\286\012139582,1,0.885274066482436
Д\286\012139728,1,0.7409232246648385
Д\286\012139728,1,0.9868748537427194
Д\286\012139806,1,0.976167545398892
Д\286\012139806,1,0.9508041762056775
Д\286\012139946,1,0.9916222713028534
Д\286\012139956,1,0.9508041762056775
Д\286\012139956,1,0.9508041762056775
Д\286\012139956,1,0.9508041762056775
Д\286\012139956,1,0.9374275430158158
Д\286\012140081,1,0.9729524832797354
Д\286\012140325,1,0.9863573774255303
Д\286\012140752,1,0.7981582274194569
Д\286\012141229,1,0.9501289991343315
Д\286\012141341,1,0.9902926194615257
Д\286\012141446,1,0.9566731682839742
Д\286\012141446,1,0.9401018307218714
Д\286\012141446,1,0.9204759336784727
Д\286\012141446,0,0.3588610584213916
Д\286\012141577,1,0.972552790219169
Д\286\012141577,1,0.9853800522907171
Д\286\012141955,1,0.9610145368069588
Д\286\012142070,1,0.9898698472545858
Д\286\012142071,1,0.9363850808354158
Д\286\012142094,1,0.9806935280677742
Д\286\012142094,1,0.9508041762056775
Д\286\012142278,1,0.9799794902489994
Д\286\012142326,1,0.9887951597181545
Д\286\012142352,1,0.9946162650885321
Д\286\012142406,1,0.9850121801528078
Д\286\012142566,1,0.9628805610107248
Д\286\012142980,1,0.9669994339669641
Д\286\012143314,1,0.958766458412732
Д\286\012143475,1,0.9468259486557895
Д\286\012143633,1,0.969779509317395
Д\286\012143633,1,0.9572397098051031
Д\286\012143729,1,0.9831937407730894
Д\286\012143729,1,0.9429009770050104
Д\286\012143893,1,0.9823240952967613
Д\286\012143893,1,0.9917416844801216
Д\286\012143914,1,0.9882067306877776
Д\286\012143923,1,0.9969607556261997
Д\286\012144234,1,0.9450548238589462
Д\286\012144234,1,0.9937838420508474
Д\286\012144457,1,0.9343098161355244
Д\286\012144899,1,0.9910940147710748
Д\286\012144905,1,0.996208302870344
Д\286\012145005,1,0.9364982481694105
Д\286\012145130,1,0.9461950533174662
Д\286\012145434,1,0.991134223560548
Д\286\012145768,1,0.9478672415306135
Д\286\012145805,1,0.9935096534698754
Д\286\012145932,1,0.9738878084935768
Д\286\012145975,1,0.967934923960803
Д\286\012145975,1,0.9883293995558072
Д\286\012145975,1,0.7751204050390286
Д\286\012146270,1,0.9917102372923816
Д\286\012146383,1,0.9846499363529967
Д\286\012146512,1,0.9508041762056775
Д\286\012146631,1,0.9819652647127669
Д\286\012146686,1,0.9781736352375261
Д\286\012146694,1,0.994895519970003
Д\286\012146824,1,0.9883965246136182
Д\286\012146824,1,0.9686019227452056
Д\286\012147014,1,0.938653509993339
Д\286\012147014,1,0.9696245050131509
Д\286\012147014,1,0.626461488386795
Д\286\012147014,1,0.8961138352187973
Д\286\012147032,1,0.9371580142749293
Д\286\012147032,1,0.9827275229574162
Д\286\012147032,1,0.6689597448582488
Д\286\012147161,1,0.9864055137330686
Д\286\012147471,1,0.9803761764672323
Д\286\012147637,1,0.8785154316822301
Д\286\012147637,1,0.9552841214396975
Д\286\012147637,1,0.9405062639706695
Д\286\012147747,1,0.982383843409023
Д\286\012147747,1,0.9666265722625557
Д\286\012147766,1,0.9937101327040905
Д\286\012147766,1,0.9763231339957973
Д\286\012147894,1,0.8902115703783811
Д\286\012147894,1,0.9297054116562992
Д\286\012147987,1,0.8848477075398212
Д\286\012148032,1,0.9079310056468058
Д\286\012148309,1,0.988973393510179
Д\286\012149509,1,0.9577330696041333
Д\286\012149509,1,0.9681272121361566
Д\286\012150390,1,0.987144302520587
Д\286\012150721,1,0.9505474033530603
Д\286\012150886,1,0.9327257533482324
Д\286\012150925,1,0.9671028406737696
Д\286\012150925,1,0.9754796572233995
Д\286\012150925,1,0.9403187862733725
Д\286\012150925,1,0.9801690845722388
Д\286\012151570,1,0.811116296612098
Д\286\012151785,1,0.9800061397643807
Д\286\012151965,1,0.9560012688417729
Д\286\012151965,1,0.9901300025371431
Д\286\012151966,1,0.9494561070962475
Д\286\012151974,1,0.9913020378135654
Д\286\012152251,1,0.9516119913268718
Д\286\012152741,1,0.9747478828134527
Д\286\012153023,1,0.9806168464168841
Д\286\012153144,1,0.9904301421819462
Д\286\012153413,1,0.9866391346209076
Д\286\012153436,1,0.9965858575251509
Д\286\012153437,1,0.9097615422637669
Д\286\012153646,1,0.9129695237639005
Д\286\012153840,1,0.9853348263163549
Д\286\012153870,1,0.8979251514072342
Д\286\012154056,1,0.988656068654365
Д\286\012154488,1,0.9669655047650051
Д\286\012154624,1,0.6581504567180729
Д\286\012154832,1,0.9898150783065757
Д\286\012155134,1,0.5793433929645238
Д\286\012155653,1,0.9392446427186985
Д\286\012155670,1,0.9060532701847729
Д\286\012155670,1,0.9661081590695814
Д\286\012155670,1,0.993629069650879
Д\286\012155816,1,0.8988672463161643
Д\286\012155816,1,0.5688707799217013
Д\286\012156106,1,0.9874823272921638
Д\286\012156378,1,0.9924268227676843
Д\286\012156392,1,0.9739926517169579
Д\286\012156488,1,0.6009926268255338
Д\286\012156651,1,0.9508041762056775
Д\286\012156651,1,0.9508041762056775
Д\286\012156651,1,0.9508041762056775
Д\286\012156651,1,0.9508041762056775
Д\286\012156808,1,0.9830246225184397
Д\286\012156833,1,0.9712326076786969
Д\286\012156970,1,0.9921247075867088
Д\286\012157446,1,0.7738329474874803
Д\286\012157446,1,0.9840488780484395
Д\286\012157579,1,0.9943463262604624
Д\286\012157605,1,0.9956696326203692
Д\286\012157804,1,0.9582424870563103
Д\286\012157971,1,0.6402727701152137
Д\286\012158001,1,0.9864239882899462
Д\286\012158324,1,0.9735408055145585
Д\286\012158324,1,0.9871742582984682
Д\286\012158324,1,0.988396585086507
Д\286\012158538,1,0.9845226936202887
Д\286\012158538,1,0.995389068483572
Д\286\012158933,1,0.948711029675221
Д\286\012158933,1,0.9508041762056775
Д\286\012159157,1,0.8929756363584047
Д\286\012159160,1,0.9103817607199871
Д\286\012159273,1,0.994118153261191
Д\286\012159287,1,0.9859605825945774
Д\286\012159405,1,0.9816411580097788
Д\286\012159565,1,0.9699151991506559
Д\286\012160029,1,0.9887721920678177
Д\286\012160210,1,0.989381116489497
Д\286\012160479,1,0.9764250790608916
Д\286\012160576,1,0.9617674170082244
Д\286\012160746,1,0.9869051729479011
Д\286\012160766,1,0.974022456377395
Д\286\012160769,1,0.9180922259013806
Д\286\012160879,1,0.8121532553778209
Д\286\012160925,1,0.9906764244427382
Д\286\012161016,1,0.661511907113444
Д\286\012161051,1,0.9033269594992087
Д\286\012161067,1,0.9879286699976623
Д\286\012161067,1,0.9541325653980386
Д\286\012161118,1,0.9554809526611338
Д\286\012161510,1,0.9926475361692794
Д\286\012161598,1,0.9752013170331496
Д\286\012161640,1,0.9952547322510455
Д\286\012161668,1,0.9911780064426439
Д\286\012161963,1,0.9574803402197761
Д\286\012161963,1,0.9856151387494074
Д\286\012162285,1,0.7342617763953612
Д\286\012162363,1,0.8848101987081639
Д\286\012162472,1,0.9904164673848337
Д\286\012162572,1,0.582710474718983
Д\286\012162767,1,0.9879829408846084
Д\286\012163193,1,0.8063102799875964
Д\286\012163193,1,0.9757836292091903
Д\286\012163219,1,0.9266482605825698
Д\286\012163783,1,0.9940407452713562
Д\286\012163945,1,0.9429633691850925
Д\286\012163959,1,0.9911629422088954
Д\286\012163959,1,0.9855051465539101
Д\286\012164097,1,0.6619710887584226
Д\286\012164097,1,0.9820923386922664
Д\286\012164206,0,0.359251870090963
Д\286\012164637,1,0.8855353081093503
Д\286\012164637,1,0.9218955084574627
Д\286\012164881,1,0.970655881191738
Д\286\012165009,1,0.9708976118752123
Д\286\012165009,1,0.9875675444623941
Д\286\012165009,1,0.7480837014550422
Д\286\012165032,1,0.9935766356414237
Д\286\012165066,1,0.6175105736066314
Д\286\012165099,1,0.9739802852724669
Д\286\012165229,1,0.9635068672761983
Д\286\012165232,1,0.9758393091213005
Д\286\012165232,1,0.9737571773639297
Д\286\012165236,1,0.9915559581582782
Д\286\012165327,1,0.9760554937435426
Д\286\012165327,1,0.9508041762056775
Д\286\012165704,1,0.9870103661756265
Д\286\012166327,1,0.9859494090591719
Д\286\012167004,1,0.9762764817404525
Д\286\012167004,1,0.942768266224346
Д\286\012167095,1,0.9646793029872387
Д\286\012167095,1,0.7339059521135826
Д\286\012167209,1,0.9800614401754798
Д\286\012167419,1,0.9856843504592594
Д\286\012167419,1,0.9786574462352088
Д\286\012167419,1,0.9751651413931341
Д\286\012167453,1,0.9864972099430219
Д\286\012167476,1,0.9698416523450976
Д\286\012167476,1,0.9889961180653962
Д\286\012167476,1,0.9902250861351244
Д\286\012167745,1,0.9939003529171503
Д\286\012167780,1,0.9926233414258624
Д\286\012167780,1,0.9690537095479799
Д\286\012167875,1,0.9937388707021837
Д\286\012168079,1,0.9851149615343524
Д\286\012168094,1,0.9752753245264041
Д\286\012168235,1,0.9910424288704758
Д\286\012168245,1,0.9784560293778758
Д\286\012168328,1,0.9764868437451197
Д\286\012168608,1,0.9883104178293312
Д\286\012168608,1,0.9853103162939381
Д\286\012168676,1,0.9730215414485817
Д\286\012168822,1,0.8508890413558531
Д\286\012168822,1,0.9919009909794074
Д\286\012168951,1,0.9939458972370806
Д\286\012168951,1,0.9755500403802156
Д\286\012168967,1,0.9580316421285773
Д\286\012168967,1,0.6856592710030666
Д\286\012169073,1,0.9900181229935581
Д\286\012169211,1,0.9863375285227276
Д\286\012169211,1,0.9233947254367526
Д\286\012169211,1,0.989879118741283
Д\286\012169280,1,0.8493846221283399
Д\286\012169335,1,0.9870682054210683
Д\286\012169335,1,0.9799738798199764
Д\286\012169335,1,0.9775643278991195
Д\286\012169779,1,0.9860702979478436
Д\286\012169779,1,0.8270972328449273
Д\286\012169917,1,0.9895963856857886
Д\286\012170127,1,0.9950033170170501
Д\286\012170127,1,0.9961482382721581
Д\286\012170211,1,0.975141487349709
Д\286\012170211,1,0.983526445791363
Д\286\012170211,1,0.9485997971395478
Д\286\012170211,1,0.9868939887183751
Д\286\012170340,1,0.954872725711312
Д\286\012170659,1,0.960576084065625
Д\286\012170767,1,0.968455371612831
Д\286\012170843,1,0.9697303706616149
Д\286\012171139,1,0.8979164437975569
Д\286\012171139,1,0.9842696300934005
Д\286\012171166,1,0.9694309880374697
Д\286\012171166,1,0.968602399689051
Д\286\012171265,1,0.6101300982071365
Д\286\012171265,1,0.9350230933867635
Д\286\012171313,1,0.9758725722406866
Д\286\012171484,1,0.9892549814300033
Д\286\012171745,1,0.9508041762056775
Д\286\012171745,1,0.974902708453521
Д\286\012171745,1,0.9885092568546624
Д\286\012171745,1,0.896095521631302
Д\286\012171745,1,0.9511805699588329
Д\286\012171745,1,0.9822417561629826
Д\286\012171856,1,0.9137396076738251
Д\286\012171856,1,0.9891876583300543
Д\286\012171871,1,0.9010396637508803
Д\286\012172756,1,0.986894907972781
Д\286\012172811,1,0.9742283085968877
Д\286\012172811,1,0.9963824871239285
Д\286\012172936,1,0.8899035503079833
Д\286\012173564,1,0.9920078593342191
Д\286\012173564,1,0.9120716160720044
Д\286\012173651,1,0.8481713253606826
Д\286\012174116,1,0.9653254188606425
Д\286\012174116,1,0.9647881456151054
Д\286\012174116,1,0.9891333702467969
Д\286\012174116,1,0.9928973478546226
Д\286\012174116,1,0.9704811847736929
Д\286\012174186,1,0.9926532628388147
Д\286\012174644,1,0.991179822592401
Д\286\012174681,1,0.9197999947441913
Д\286\012174721,1,0.8553242467685559
Д\286\012174947,1,0.9731382267553715
Д\286\012174947,1,0.9687546753517355
Д\286\012175360,1,0.9176111432320352
Д\286\012175360,1,0.9905683120317774
Д\286\012175360,1,0.9822146188218003
Д\286\012175663,1,0.9829111276397323
Д\286\012175663,1,0.9537732081659709
Д\286\012175718,1,0.9759693314343005
Д\286\012176138,1,0.9766251219973988
Д\286\012176229,1,0.9679094402942442
Д\286\012176302,1,0.9497234778426292
Д\286\012176309,0,0.47020960266175416
Д\286\012176376,1,0.9891656686268052
Д\286\012176376,1,0.9606457725684275
Д\286\012176427,1,0.953508342423121
Д\286\012176427,1,0.9749716650827936
Д\286\012176467,0,0.45469784081571835
Д\286\012176640,1,0.8881736746772559
Д\286\012176802,1,0.9478515806773914
Д\286\012176808,1,0.9922484971762536
Д\286\012176914,1,0.9598223139323309
Д\286\012176914,1,0.9897664021226338
Д\286\012177035,1,0.9820819385727435
Д\286\012177095,1,0.9856715901005094
Д\286\012177958,1,0.915692566527551
Д\286\012178766,1,0.9429856762809457
Д\286\012178995,1,0.9671347613835174
Д\286\012179110,1,0.9779855953309236
Д\286\012179120,1,0.9894451958487178
Д\286\012179669,1,0.9864009199999559
Д\286\012179669,1,0.9852739551192151
Д\286\012179693,1,0.9840017095833408
Д\286\012180062,1,0.9886119379998023
Д\286\012180062,1,0.9720780293521857
Д\286\012180291,1,0.9760096115807549
Д\286\012180741,1,0.9572452614647824
Д\286\012180741,1,0.993030208859053
Д\286\012181345,1,0.841647920731065
Д\286\012181345,1,0.9766219813689627
Д\286\012181701,1,0.9823860966433995
Д\286\012182109,1,0.98461915464214
Д\286\012182109,1,0.9835940979822996
Д\286\012182233,1,0.8055573252971633
Д\286\012182546,1,0.8701151768591966
Д\286\012182620,1,0.9410599313781608
Д\286\012182842,1,0.9826422521580856
Д\286\012183354,1,0.9640509448056674
Д\286\012183377,1,0.9710702693411956
Д\286\012183377,1,0.9917748322994948
Д\286\012183377,1,0.9766132921746131
Д\286\012183439,1,0.7703905673342736
Д\286\012183440,1,0.9788601899977255
Д\286\012183441,1,0.9890772663161431
Д\286\012183645,1,0.8614406934014043
Д\286\012183645,1,0.9641413707868706
Д\286\012183920,1,0.9841314611022878
Д\286\012183920,1,0.990194679327868
Д\286\012184078,1,0.8669232076526168
Д\286\012184113,1,0.862229955128455
Д\286\012184245,1,0.9959727835623159
Д\286\012184261,1,0.9546567590948981
Д\286\012184382,1,0.9281662009838588
Д\286\012184382,1,0.9209941083873614
Д\286\012184883,1,0.9909162742785208
Д\286\012184905,1,0.9908791239739099
Д\286\012185036,1,0.9579970795678399
Д\286\012185135,1,0.9796415035970508
Д\286\012185156,1,0.9944467399726902
Д\286\012185286,1,0.9761472637224388
Д\286\012185307,1,0.9457835180234843
Д\286\012185347,1,0.9926150017715382
Д\286\012185358,1,0.9905994210694525
Д\286\012185358,1,0.9592593808908989
Д\286\012185458,1,0.9840850451741061
Д\286\012185589,1,0.9779778933954179
Д\286\012185632,1,0.9933380399863729
Д\286\012185895,1,0.9817499949174905
Д\286\012186243,1,0.9812243213185308
Д\286\012186283,1,0.8747611173596894
Д\286\012186401,1,0.9499111314943801
Д\286\012186424,1,0.99775210083186
Д\286\012186424,1,0.9889062359141321
Д\286\012186424,1,0.9550600055949765
Д\286\012186468,1,0.9779175761440569
Д\286\012186566,1,0.9675213525664129
Д\286\012186611,1,0.7677990767939185
Д\286\012187258,1,0.8056195078667924
Д\286\012187710,1,0.950671754047395
Д\286\012187718,1,0.9867768767971627
Д\286\012187775,1,0.9783646025851305
Д\286\012188044,1,0.9963386302645494
Д\286\012188072,1,0.9953589678397495
Д\286\012188157,1,0.9948720826215286
Д\286\012188306,1,0.9970745907680799
Д\286\012188525,1,0.9841749563902
Д\286\012188619,1,0.9508041762056775
Д\286\012188619,1,0.995465797996288
Д\286\012188627,1,0.9742680006785346
Д\286\012188670,1,0.9709843098541716
Д\286\012188670,1,0.8626551764350056
Д\286\012188670,1,0.9787498661339366
Д\286\012188670,0,0.11275867108261367
Д\286\012188670,1,0.8984501801556207
Д\286\012188670,1,0.944708964013756
Д\286\012188712,1,0.982617440214429
Д\286\012188713,1,0.9151447286587013
Д\286\012188719,1,0.9942632893650618
Д\286\012189008,1,0.9508041762056775
Д\286\012189008,1,0.9598699678527528
Д\286\012189355,1,0.9885089774797599
Д\286\012189355,1,0.9913057327147949
Д\286\012189355,0,0.47834035540122294
Д\286\012189411,1,0.9519429658460415
Д\286\012189411,1,0.9310891444654973
Д\286\012189411,1,0.9945068959672635
Д\286\012189464,1,0.9508041762056775
Д\286\012189464,1,0.9508041762056775
Д\286\012189464,1,0.9959712900727634
Д\286\012189673,1,0.989617841631916
Д\286\012189673,1,0.9374958361102035
Д\286\012189690,1,0.9982938969201887
Д\286\012189690,1,0.9976187769301558
Д\286\012189944,1,0.9893025039971465
Д\286\012189953,1,0.9961482045077203
Д\286\012190378,1,0.9905449304455034
Д\286\012190441,1,0.9977615545560421
Д\286\012190441,1,0.9937045145164056
Д\286\012190645,1,0.6601842567392979
Д\286\012190685,1,0.9936799545814179
Д\286\012190850,1,0.9685270948302015
Д\286\012190868,1,0.9983373562884128
Д\286\012191054,1,0.9935741618521453
Д\286\012191284,1,0.98521288000602
Д\286\012191285,1,0.9791363438558751
Д\286\012191389,1,0.9961321922665172
Д\286\012191623,1,0.9796538314422012
Д\286\012192059,1,0.9651792282676658
Д\286\012192319,1,0.9919736064447747
Д\286\012192327,1,0.7766980322494401
Д\286\012192327,1,0.9491092392992941
Д\286\012192369,1,0.991281188653972
Д\286\012192493,1,0.9689200644463684
Д\286\012192596,1,0.9812561545457369
Д\286\012192596,1,0.9361597131248834
Д\286\012192596,1,0.9862805890527515
Д\286\012192596,1,0.8583788794006264
Д\286\012192596,1,0.7918813271093719
Д\286\012192624,1,0.989569120961016
Д\286\012192737,1,0.9890234223098444
Д\286\012192737,1,0.9940219162921053
Д\286\012192737,1,0.9812758918126295
Д\286\012192975,1,0.9548572585698515
Д\286\012192975,1,0.9937138069831721
Д\286\012193003,1,0.9907040267339295
Д\286\012193034,1,0.9784264476926107
Д\286\012193566,1,0.787916734958763
Д\286\012193572,1,0.9863885818628653
Д\286\012193572,1,0.9875532763510453
Д\286\012193700,1,0.992591715107844
Д\286\012193819,1,0.9906144625991331
Д\286\012193819,1,0.9903518357626545
Д\286\012193819,1,0.9666677521651945
Д\286\012193819,1,0.9852637056674277
Д\286\012193819,1,0.9679569099489834
Д\286\012193848,1,0.9633898838157309
Д\286\012193916,1,0.9794981002069031
Д\286\012193916,1,0.9758842052930518
Д\286\012193952,1,0.9948774430088656
Д\286\012193952,1,0.9925535091113629
Д\286\012194157,1,0.9881589588920922
Д\286\012194595,1,0.9911920692584234
Д\286\012194595,1,0.9705247522206059
Д\286\012194595,1,0.9333931903674111
Д\286\012194595,1,0.9411270431706845
Д\286\012194595,1,0.6801302074839889
Д\286\012194595,1,0.9695536192043912
Д\286\012194637,1,0.9842658459360821
Д\286\012194831,1,0.9829161986705863
Д\286\012194994,1,0.9124130026162648
Д\286\012195012,1,0.9239062596476842
Д\286\012195178,1,0.9699339856255862
Д\286\012195178,1,0.9556434370531893
Д\286\012195297,1,0.9190097855720363
Д\286\012195385,1,0.9926838700409069
Д\286\012195385,1,0.9914704220509342
Д\286\012195572,1,0.6405705869277131
Д\286\012195718,1,0.9976767802061517
Д\286\012195718,1,0.693007406991271
Д\286\012196105,1,0.981646964718293
Д\286\012196116,1,0.9853120115942273
Д\286\012196285,1,0.9073712941080903
Д\286\012196285,1,0.98736520968478
Д\286\012196407,1,0.9801220586542237
Д\286\012196407,1,0.9915750846045122
Д\286\012196422,1,0.889641200691966
Д\286\012196422,1,0.888124506362013
Д\286\012196422,1,0.9734900388902946
Д\286\012196480,1,0.9967460357058854
Д\286\012196577,1,0.9399654647396108
Д\286\012196964,1,0.9880055707564978
Д\286\012197158,1,0.9985348810227859
Д\286\012197178,1,0.8855751209530652
Д\286\012197179,1,0.949594957335474
Д\286\012197236,1,0.9468145338038126
Д\286\012197303,1,0.9405958608031498
Д\286\012197303,1,0.9933001632486351
Д\286\012197344,1,0.9455575495700794
Д\286\012197641,1,0.9851003531081536
Д\286\012197873,1,0.9652400169760498
Д\286\012198262,1,0.9905015255746182
Д\286\012198265,1,0.9972041632158779
Д\286\012198265,1,0.9810539095192973
Д\286\012198265,1,0.9938359188394125
Д\286\012198265,1,0.9873522867955129
Д\286\012198271,1,0.9737140020242547
Д\286\012198349,1,0.9906916717326231
Д\286\012198754,1,0.9327393034468214
Д\286\012198979,1,0.9921134834262378
Д\286\012199040,1,0.982805138231396
Д\286\012199040,1,0.8582336414199889
Д\286\012199040,1,0.9789204167567033
Д\286\012199040,1,0.9816243190052851
Д\286\012199040,0,0.3623480729431329
Д\286\012199240,1,0.9103359427326352
Д\286\012199245,1,0.9747321264997542
Д\286\012199383,1,0.99583483047099
Д\286\012199753,1,0.9730959698849488
Д\286\012199753,1,0.9657675163634003
Д\286\012199754,1,0.9855821710796657
Д\286\012199754,1,0.9837433763885721
Д\286\012199754,1,0.9873214808265364
Д\286\012199754,1,0.9856814843909586
Д\286\012199759,1,0.9789321605464619
Д\286\012199775,1,0.9811921010950394
Д\286\012200013,1,0.9875448849411989
Д\286\012200062,1,0.8429212054453471
Д\286\012200062,1,0.6989490886487497
Д\286\012200572,1,0.9859336978490371
Д\286\012200572,1,0.9679010600031538
Д\286\012200626,1,0.987457905819976
Д\286\012200642,1,0.9841460438260451
Д\286\012200667,1,0.9933400096505426
Д\286\012200711,1,0.9876359051992124
Д\286\012200758,1,0.9911419993920586
Д\286\012200758,1,0.98580198231027
Д\286\012200770,1,0.9014426048771599
Д\286\012200792,1,0.9965417069458427
Д\286\012200817,1,0.9841716027117082
Д\286\012201016,1,0.9668057440246693
Д\286\012201016,1,0.984584305112194
Д\286\012201026,1,0.9788898680245812
Д\286\012201113,1,0.9877002805026998
Д\286\012201124,1,0.9600356964578499
Д\286\012201124,1,0.9907572580252472
Д\286\012201177,1,0.975933269079418
Д\286\012201307,1,0.9392250279046722
Д\286\012201307,1,0.9809888963904827
Д\286\012201595,1,0.9855981287179835
Д\286\012201896,1,0.968886193050159
Д\286\012202500,1,0.9703900304104868
Д\286\012203099,1,0.991938715494773
Д\286\012203363,1,0.9532608349388124
Д\286\012203562,1,0.9909544320205054
Д\286\012203562,1,0.962421323828282
Д\286\012203562,1,0.9402070560191184
Д\286\012203589,1,0.9593373870948179
Д\286\012204150,1,0.5471217493303161
Д\286\012204154,1,0.9824397272147127
Д\286\012204303,1,0.9747560091119032
Д\286\012204303,0,0.4951739076458569
Д\286\012204303,1,0.9581135156955302
Д\286\012204572,1,0.9931498088135725
Д\286\012204665,1,0.9726940486544338
Д\286\012204665,1,0.9858529833208345
Д\286\012204852,1,0.9668963204414305
Д\286\012204919,1,0.9577436513058241
Д\286\012204919,1,0.7946828492926592
Д\286\012204950,1,0.9982515463055343
Д\286\012204952,1,0.9234966034793252
Д\286\012205179,1,0.9906286827928803
Д\286\012205201,1,0.9906872679902264
Д\286\012205481,1,0.9827258132432515
Д\286\012205724,1,0.9906099010588969
Д\286\012206262,1,0.9193517381063876
Д\286\012206276,1,0.8260387671169827
Д\286\012206276,1,0.9772613200573053
Д\286\012206335,1,0.983092282845595
Д\286\012206356,1,0.7635314871422805
Д\286\012206506,1,0.9974307704588429
Д\286\012206506,1,0.9844055096959047
Д\286\012206572,1,0.9323164729287002
Д\286\012206700,1,0.9800566775524924
Д\286\012206769,1,0.9848396746290354
Д\286\012206769,1,0.9533969473044492
Д\286\012206769,1,0.9831117861988935
Д\286\012207041,1,0.9107726726296964
Д\286\012207320,1,0.9850856776299908
Д\286\012207870,1,0.9981545271598149
Д\286\012207991,1,0.959622980782575
Д\286\012208210,1,0.9910886576204977
Д\286\012208222,1,0.706063213862042
Д\286\012208222,1,0.9613735428681923
Д\286\012208222,1,0.9855380665026069
Д\286\012208437,1,0.9510517764260678
Д\286\012208602,1,0.9414760653839183
Д\286\012208602,1,0.9078820153911484
Д\286\012208803,1,0.991412408973928
Д\286\012208938,1,0.9370445310517455
Д\286\012208938,1,0.9872271999793655
Д\286\012209053,1,0.94566833320052
Д\286\012209436,1,0.9979736851908934
Д\286\012209436,1,0.9887203364497342
Д\286\012209436,1,0.9876076132517845
Д\286\012209436,1,0.9716361934605281
Д\286\012209627,1,0.9199387796811392
Д\286\012209732,1,0.9865686756395493
Д\286\012209732,1,0.9551939583203114
Д\286\012209732,1,0.8264911428081975
Д\286\012209818,1,0.9650890029067044
Д\286\012209818,1,0.9878842969576633
Д\286\012209818,0,0.45464112379806565
Д\286\012209818,1,0.900933570760599
Д\286\012209818,1,0.976088951563058
Д\286\012209818,1,0.9792956962908568
Д\286\012209951,1,0.914814168171019
Д\286\012209986,1,0.9795570587680922
Д\286\012210049,1,0.9974993735303707
Д\286\012210049,1,0.9678924120683884
Д\286\012210049,1,0.9827699945887579
Д\286\012210145,1,0.9861129335241993
Д\286\012210145,0,0.1878841845124296
Д\286\012210169,1,0.8764312027228537
Д\286\012210169,1,0.9771581034983993
Д\286\012210186,1,0.5759734560324898
Д\286\012210345,1,0.9271695135273088
Д\286\012210345,0,0.28127579083999077
Д\286\012210345,1,0.9469476136732025
Д\286\012210432,1,0.9581854154802718
Д\286\012210432,1,0.8329026144884376
Д\286\012210437,1,0.9928683869655378
Д\286\012210516,1,0.9831476842285156
Д\286\012210531,1,0.9619637711415893
Д\286\012210531,1,0.9841597592008747
Д\286\012210793,1,0.9840228301508461
Д\286\012210882,1,0.95997820212284
Д\286\012210882,1,0.9924881782206887
Д\286\012210972,1,0.9811649535473673
Д\286\012211730,1,0.9775389654455485
Д\286\012211737,1,0.9118739641466564
Д\286\012211737,1,0.9868688979199396
Д\286\012211737,1,0.9837875604766745
Д\286\012211904,1,0.9888912969650515
Д\286\012211945,1,0.9917081785692953
Д\286\012211945,1,0.9590767963692285
Д\286\012211945,1,0.9972534564131228
Д\286\012211945,1,0.9679613108007222
Д\286\012211975,1,0.986698450378606
Д\286\012211992,1,0.9804624042775254
Д\286\012211992,1,0.8957351552560947
Д\286\012212083,1,0.9790139696215008
Д\286\012212083,1,0.962585958642424
Д\286\012212346,1,0.9865403420394396
Д\286\012212346,1,0.9517258877737276
Д\286\012212346,1,0.9960680447899506
Д\286\012212346,1,0.8905357952457823
Д\286\012212378,1,0.9970418743362097
Д\286\012212383,1,0.8555244208108822
Д\286\012212397,1,0.9710055638192164
Д\286\012212447,1,0.9652539764583901
Д\286\012212447,1,0.927170235031277
Д\286\012212452,1,0.951228317263498
Д\286\012212452,1,0.9753412039787507
Д\286\012212467,1,0.9107197188954541
Д\286\012212510,1,0.9400893732144326
Д\286\012212510,1,0.7417360520722354
Д\286\012212650,1,0.9451120512587458
Д\286\012212650,1,0.9536128306885799
Д\286\012212807,1,0.984932188994806
Д\286\012212851,1,0.9448755115751348
Д\286\012213094,1,0.9953785803224403
Д\286\012213168,1,0.9803538269380688
Д\286\012213168,1,0.9819099765696166
Д\286\012213181,1,0.9882489447739558
Д\286\012213207,1,0.9777541699833133
Д\286\012213402,1,0.98906170633829
Д\286\012213417,1,0.990494724244717
Д\286\012213952,1,0.9809849352203228
Д\286\012214158,1,0.9982434798543816
Д\286\012214210,0,0.33649113431153926
Д\286\012214338,1,0.9889157494578166
Д\286\012214588,1,0.7968595709968127
Д\286\012214677,1,0.995284413428916
Д\286\012214723,1,0.9976510738430059
Д\286\012214723,1,0.9556986379058368
Д\286\012214752,1,0.9711796532972093
Д\286\012214752,1,0.9706040693289092
Д\286\012214918,1,0.9608152449276907
Д\286\012214957,1,0.9684117974178066
Д\286\012215221,1,0.9388096431032582
Д\286\012215246,1,0.997214201669839
Д\286\012215869,1,0.9860936740778786
Д\286\012215869,1,0.5234181651483829
Д\286\012215869,1,0.9349713108959123
Д\286\012216048,1,0.985327589930926
Д\286\012216103,1,0.824914757523227
Д\286\012216210,1,0.9346382971558017
Д\286\012216223,1,0.9897136761317629
Д\286\012216286,1,0.9761259258125904
Д\286\012216286,1,0.9692009297424478
Д\286\012216405,1,0.9945909522964017
Д\286\012216405,1,0.98955844086058
Д\286\012216568,1,0.98784424361759
Д\286\012216568,1,0.9699812054795813
Д\286\012216568,1,0.9730503571246676
Д\286\012216766,1,0.9627558995745823
Д\286\012216809,1,0.9948439336544622
Д\286\012216840,1,0.9321153308269066
Д\286\012216840,1,0.9676432365365101
Д\286\012216902,1,0.954205782608792
Д\286\012217563,1,0.9925084940235493
Д\286\012217563,1,0.9695829482964329
Д\286\012217563,1,0.9707459680254185
Д\286\012217884,1,0.9508041762056775
Д\286\012217884,1,0.9508041762056775
Д\286\012218043,1,0.9886981823727574
Д\286\012218096,1,0.5853613990803082
Д\286\012218096,1,0.9646720522304659
Д\286\012218293,1,0.9954261294066881
Д\286\012218342,1,0.7864053616843327
Д\286\012218501,1,0.9940823980121133
Д\286\012218577,1,0.761020541601013
Д\286\012218577,1,0.9650324036044747
Д\286\012218652,1,0.9519971591733493
Д\286\012218719,1,0.990297321006026
Д\286\012218824,1,0.9899849719178014
Д\286\012219010,1,0.9682345664426277
Д\286\012219050,1,0.9853370101803047
Д\286\012219088,1,0.9912843097668839
Д\286\012219101,1,0.953675286595158
Д\286\012219101,1,0.9780939254671556
Д\286\012219242,1,0.9542504765450693
Д\286\012219242,1,0.9735369356958911
Д\286\012219315,1,0.9052017609250235
Д\286\012219336,1,0.9644546114885145
Д\286\012219336,1,0.9749330907116409
Д\286\012219392,1,0.9788332172437623
Д\286\012219464,1,0.982920791512814
Д\286\012219575,1,0.9784833967161484
Д\286\012219575,1,0.9363556710697033
Д\286\012219575,1,0.9257956079940397
Д\286\012219575,1,0.8811886753754277
Д\286\012219647,1,0.9842420576891147
Д\286\012219650,1,0.9685391076182468
Д\286\012219711,1,0.9704243478175711
Д\286\012219903,1,0.9148142604049432
Д\286\012219904,1,0.6329078291339523
Д\286\012219958,1,0.9755950622026649
Д\286\012219958,1,0.9922880333069437
Д\286\012219958,1,0.9370011224749042
Д\286\012220011,1,0.9478913227211655
Д\286\012220302,1,0.990272023414942
Д\286\012220342,1,0.9864220749114452
Д\286\012220362,1,0.9930705848245046
Д\286\012220394,1,0.9633886324154939
Д\286\012220445,1,0.9611285296160715
Д\286\012220696,1,0.8810873489945106
Д\286\012220696,1,0.8667993806917887
Д\286\012220696,1,0.9900826222528365
Д\286\012220699,1,0.9696059313733321
Д\286\012220737,1,0.9684256198037416
Д\286\012220826,1,0.9508041762056775
Д\286\012220826,1,0.9878622551872508
Д\286\012220838,1,0.967090685533976
Д\286\012221017,1,0.9747944171760089
Д\286\012221168,1,0.9884496953386873
Д\286\012221270,1,0.9970255220480765
Д\286\012221344,1,0.9916541603850328
Д\286\012221761,1,0.9666107870989922
Д\286\012222096,1,0.991157457436866
Д\286\012222096,1,0.8931451239859974
Д\286\012222154,1,0.9916432711755447
Д\286\012222226,1,0.9853722051755006
Д\286\012222315,1,0.9882517312590702
Д\286\012222335,1,0.8696178612979092
Д\286\012222357,1,0.9831440063112352
Д\286\012222520,1,0.9921075248841074
Д\286\012222681,1,0.9916435363434837
Д\286\012222799,1,0.9836456572065779
Д\286\012222799,1,0.9739928877843749
Д\286\012222903,1,0.9666631898890522
Д\286\012222923,1,0.9832278648234883
Д\286\012222923,1,0.9508041762056775
Д\286\012222945,1,0.9920764608489872
Д\286\012223066,1,0.9555154376770767
Д\286\012223312,1,0.9695845362030344
Д\286\012223312,1,0.9905063860408816
Д\286\012223344,1,0.9956799403539968
Д\286\012223578,1,0.8288592692154667
Д\286\012223578,1,0.986816605153822
Д\286\012223605,1,0.9962161950453557
Д\286\012223649,1,0.9947910087251975
Д\286\012223649,1,0.9613471915873781
Д\286\012223757,1,0.9702647981002832
Д\286\012223769,1,0.9904787336450321
Д\286\012224522,1,0.9516810721184057
Д\286\012224522,1,0.9984676750263214
Д\286\012224522,1,0.9931632872287158
Д\286\012224668,1,0.9714274989597489
Д\286\012224668,1,0.9942513213580557
Д\286\012224762,1,0.8723038040873768
Д\286\012224762,1,0.9627290067490327
Д\286\012225300,1,0.9780392382760754
Д\286\012225381,1,0.9558424430305462
Д\286\012225557,1,0.9851706695100478
Д\286\012225557,1,0.7717716813889622
Д\286\012225557,1,0.9508041762056775
Д\286\012225576,1,0.9733612599533731
Д\286\012225775,1,0.9419005442640226
Д\286\012225894,1,0.9946493973338256
Д\286\012225894,1,0.9235271812539081
Д\286\012225913,1,0.9508041762056775
Д\286\012225913,1,0.994079380633793
Д\286\012225967,1,0.9969558846623312
Д\286\012226121,1,0.9927713085171289
Д\286\012226313,1,0.9907427361830193
Д\286\012226356,1,0.972571878590726
Д\286\012226514,1,0.9840112724553985
Д\286\012226641,1,0.821879356351632
Д\286\012226641,1,0.9906787777731161
Д\286\012226707,1,0.9926161294979146
Д\286\012227144,1,0.9626708508165486
Д\286\012227294,1,0.9274641054160438
Д\286\012227377,1,0.9888791430966376
Д\286\012227385,1,0.9873996075079763
Д\286\012227468,1,0.9564242040723283
Д\286\012227472,1,0.9948872634529611
Д\286\012227526,1,0.9877306609142172
Д\286\012227662,1,0.5314934533249622
Д\286\012227689,1,0.973361878644442
Д\286\012227756,1,0.9532931410440375
Д\286\012227756,1,0.9714776093079217
Д\286\012227792,1,0.988854852698873
Д\286\012227824,1,0.9569882346601618
Д\286\012228056,1,0.9941707245549183
Д\286\012228274,1,0.9840565498828704
Д\286\012228274,1,0.9916194457086216
Д\286\012228274,1,0.9966105422052463
Д\286\012228357,1,0.9910756600515234
Д\286\012228409,1,0.9822740428260565
Д\286\012228476,1,0.985612745030266
Д\286\012228598,1,0.9430769057248265
Д\286\012228692,1,0.9910221326934863
Д\286\012228894,1,0.971736676451564
Д\286\012228901,1,0.9697673839557007
Д\286\012229123,1,0.9891128350675243
Д\286\012229288,1,0.9907348440148845
Д\286\012229332,1,0.9913646195280286
Д\286\012229512,1,0.9805399867244214
Д\286\012229744,1,0.8909220439405289
Д\286\012229744,1,0.9508041762056775
Д\286\012229744,1,0.9508041762056775
Д\286\012229777,1,0.9904853804402546
Д\286\012229831,1,0.9886038742817969
Д\286\012229963,1,0.9879004947418698
Д\286\012230008,1,0.979039817478621
Д\286\012230196,1,0.9935684287698199
Д\286\012230208,1,0.9783517665829963
Д\286\012230208,1,0.9852216232451587
Д\286\012230415,1,0.9883282021823113
Д\286\012230415,1,0.8839311739191609
Д\286\012230446,1,0.9875096553651057
Д\286\012230446,1,0.9838691839290866
Д\286\012230490,1,0.9817778352671648
Д\286\012230490,1,0.9919941652787727
Д\286\012231082,1,0.9708854312380786
Д\286\012231082,1,0.9852166093899686
Д\286\012231194,1,0.9442249575132984
Д\286\012231208,1,0.9969883589623264
Д\286\012231409,1,0.945659761909509
Д\286\012231413,1,0.9941611817493055
Д\286\012231503,1,0.9911295864084587
Д\286\012231503,1,0.9972023342285611
Д\286\012231544,1,0.9618909134916136
Д\286\012231544,1,0.9848288967882063
Д\286\012231567,1,0.9152735804751964
Д\286\012231639,1,0.9813132268085301
Д\286\012231639,1,0.9825221704242068
Д\286\012231731,1,0.9916755773826984
Д\286\012231794,1,0.9899802063620012
Д\286\012231848,1,0.9779320676432783
Д\286\012231848,1,0.9860558521624799
Д\286\012231943,1,0.9951495820279126
Д\286\012232101,1,0.9842481505719531
Д\286\012232259,1,0.994561407288959
Д\286\012232260,1,0.9025124462669994
Д\286\012232350,1,0.9000743404348548
Д\286\012232350,1,0.9675445610033749
Д\286\012232373,1,0.9911702055543916
Д\286\012232373,1,0.9351665881254322
Д\286\012232401,1,0.9874026028657077
Д\286\012232485,1,0.9962146568075043
Д\286\012232496,1,0.9962192819541097
Д\286\012232520,1,0.9928546538345143
Д\286\012232660,1,0.9927922869870003
Д\286\012232907,1,0.9900287466457808
Д\286\012232989,1,0.9576762365520687
Д\286\012233097,1,0.8320294230085
Д\286\012233111,1,0.9952285920690765
Д\286\012233261,1,0.9315334805500203
Д\286\012233289,1,0.9887486476093214
Д\286\012233291,1,0.9953477395136286
Д\286\012233303,1,0.941389860818762
Д\286\012233376,1,0.9957815409676247
Д\286\012233516,1,0.8806636304007266
Д\286\012233710,1,0.6854980127146308
Д\286\012234124,1,0.9874164271977734
Д\286\012234136,1,0.9508041762056775
Д\286\012234136,1,0.9954832516897251
Д\286\012234136,1,0.9508041762056775
Д\286\012234454,1,0.9883841146515018
Д\286\012234704,1,0.718578219374541
Д\286\012234704,1,0.6919801869484576
Д\286\012235014,1,0.9980956790219898
Д\286\012235014,1,0.98278492359927
Д\286\012235239,1,0.9819683358165544
Д\286\012235297,1,0.9677673590803537
Д\286\012235632,1,0.998409775991966
Д\286\012236099,1,0.9834002949923711
Д\286\012236482,1,0.9951723631443474
Д\286\012236631,1,0.9723493564296586
Д\286\012236631,1,0.9699429927837627
Д\286\012236631,1,0.9483174776915696
Д\286\012236751,1,0.9745539874638474
Д\286\012236751,1,0.9681095059263511
Д\286\012236751,1,0.9833928821252611
Д\286\012236751,1,0.9153451645399134
Д\286\012236751,1,0.9881434389971072
Д\286\012236812,1,0.9659722151708858
Д\286\012237169,1,0.9980591544654257
Д\286\012237169,1,0.989657866730358
Д\286\012237169,1,0.9886354362802406
Д\286\012237187,1,0.9717811453521221
Д\286\012237938,1,0.9644340738498379
Д\286\012237938,1,0.9883535230341912
Д\286\012238020,1,0.9808352418595953
Д\286\012238221,1,0.9604856145731099
Д\286\012238363,1,0.9862088760698796
Д\286\012238363,1,0.9879878114730121
Д\286\012238472,1,0.9860571978399619
Д\286\012238772,1,0.9950668236335733
Д\286\012238788,1,0.5536639554762642
Д\286\012238788,1,0.950381842852388
Д\286\012239301,1,0.9508041762056775
Д\286\012239301,1,0.9508041762056775
Д\286\012239665,1,0.8663247606375222
Д\286\012239700,1,0.9094244056156485
Д\286\012239704,1,0.9940680140163887
Д\286\012239707,1,0.9788296482680425
Д\286\012239720,1,0.9508041762056775
Д\286\012240081,1,0.9855017519959337
Д\286\012240081,1,0.9470355303922628
Д\286\012240081,1,0.9802565578295864
Д\286\012240225,1,0.9880134924373102
Д\286\012240303,1,0.8636680634826415
Д\286\012240392,1,0.9626359918160946
Д\286\012240500,1,0.9693530552836435
Д\286\012240500,1,0.9763622761701456
Д\286\012240592,1,0.974420654980139
Д\286\012240650,1,0.953657068340118
Д\286\012240661,1,0.9837947574117073
Д\286\012240673,1,0.9846940083534149
Д\286\012240814,1,0.9379759150553999
Д\286\012240814,1,0.9822430291361106
Д\286\012240839,1,0.9893551975314362
Д\286\012240890,1,0.9030329629257144
Д\286\012240994,1,0.9840388062247376
Д\286\012241017,1,0.9741554278241495
Д\286\012241079,1,0.9844521488721018
Д\286\012241281,1,0.9455330711493292
Д\286\012241331,1,0.8430057484063241
Д\286\012241398,1,0.8875899688705031
Д\286\012241605,1,0.9935240680955787
Д\286\012241605,1,0.9164962198948897
Д\286\012241665,1,0.8554306835097063
Д\286\012241892,1,0.9860083648397779
Д\286\012241892,1,0.9876467320309322
Д\286\012241941,1,0.9864409246939749
Д\286\012242021,1,0.9861206229375519
Д\286\012242021,1,0.8734003513140106
Д\286\012242021,1,0.9639488778600019
Д\286\012242104,1,0.9678601189145634
Д\286\012242145,1,0.9652734893294523
Д\286\012242145,1,0.9346878707150468
Д\286\012242145,1,0.8737975395806127
Д\286\012242291,1,0.9955153448052627
Д\286\012242373,1,0.9467595449703536
Д\286\012242427,1,0.993036624358618
Д\286\012242434,1,0.9907618878914094
Д\286\012242436,1,0.9993996787994707
Д\286\012242507,1,0.995062232639195
Д\286\012242525,1,0.9834176954157886
Д\286\012242525,1,0.969887836577756
Д\286\012242779,1,0.5583360258696531
Д\286\012242860,1,0.993079713945366
Д\286\012242946,1,0.9305494410603791
Д\286\012243066,1,0.8839615471292722
Д\286\012243289,1,0.9750992141493373
Д\286\012243314,1,0.956870952297295
Д\286\012243363,1,0.9490824740588998
Д\286\012243363,1,0.9964222121315601
Д\286\012243430,1,0.8776038704196959
Д\286\012243430,1,0.9846501438455127
Д\286\012243733,1,0.9930105869080188
Д\286\012243733,1,0.9947071262402107
Д\286\012243796,1,0.9800659659323445
Д\286\012243890,1,0.9706756637086774
Д\286\012243913,1,0.9850716473939616
Д\286\012244226,1,0.9876171895223966
Д\286\012244944,1,0.8454946624336763
Д\286\012245093,1,0.9944395665701965
Д\286\012245252,1,0.9786012894929341
Д\286\012245393,1,0.9467598867315759
Д\286\012245689,1,0.9932098465398892
Д\286\012245689,1,0.986470061440831
Д\286\012245689,1,0.9770411272561709
Д\286\012245689,1,0.9684855382401631
Д\286\012245812,1,0.9805898344196555
Д\286\012245824,1,0.9765553139511609
Д\286\012245849,1,0.9258583200091828
Д\286\012245849,1,0.9720340678035957
Д\286\012246086,1,0.9931646815670292
Д\286\012246203,1,0.9856587773082585
Д\286\012246257,1,0.9864007579471651
Д\286\012246339,1,0.9497090256630598
Д\286\012246339,1,0.9644706114533265
Д\286\012246339,1,0.9952792194567877
Д\286\012246363,1,0.9368057094363529
Д\286\012246456,1,0.988080902127483
Д\286\012246468,1,0.9859465707252342
Д\286\012246785,1,0.9905720949457506
Д\286\012247110,1,0.980680376216811
Д\286\012247162,1,0.8123037632495153
Д\286\012247162,1,0.6802306732061197
Д\286\012247534,1,0.9841980622262092
Д\286\012247613,1,0.9829042510494526
Д\286\012247640,1,0.9326548646430218
Д\286\012247808,1,0.9966999960952839
Д\286\012247831,1,0.9912917380395527
Д\286\012247882,1,0.8100026696574322
Д\286\012247882,1,0.8818768944300893
Д\286\012247882,1,0.9949589593989862
Д\286\012248057,1,0.6074183784714424
Д\286\012248189,1,0.9888487349433059
Д\286\012248494,1,0.9917189208797401
Д\286\012248494,1,0.9508041762056775
Д\286\012248494,1,0.9949997017006893
Д\286\012248665,1,0.9370998392695463
Д\286\012248665,1,0.9930178703812429
Д\286\012248740,1,0.9669081116124179
Д\286\012248885,1,0.969436918007661
Д\286\012248991,1,0.9654282782465142
Д\286\012249055,1,0.9673903725863451
Д\286\012249104,1,0.9503296674675747
Д\286\012249274,1,0.9948224015469244
Д\286\012249310,1,0.9813251545000659
Д\286\012249342,1,0.955319586698497
Д\286\012249346,1,0.9664362854198809
Д\286\012249392,1,0.9895434333899742
Д\286\012249392,1,0.988506914805033
Д\286\012249468,1,0.9832479709507848
Д\286\012249776,1,0.9805704578643457
Д\286\012249937,1,0.9236307047724186
Д\286\012250291,1,0.9697617471739194
Д\286\012250324,1,0.98019004314777
Д\286\012250324,1,0.9859420609911129
Д\286\012250324,1,0.8273797206307008
Д\286\012250386,1,0.8515238489672157
Д\286\012250484,1,0.9459549162044835
Д\286\012250484,1,0.8625904098515075
Д\286\012250847,1,0.9582924639525637
Д\286\012250847,1,0.9975360328576393
Д\286\012251201,1,0.9559756965094097
Д\286\012251201,1,0.9914594606641757
Д\286\012251229,1,0.9768489502135975
Д\286\012251289,1,0.9897923873580102
Д\286\012251310,1,0.9348385196810358
Д\286\012251371,1,0.9797170661125808
Д\286\012251371,1,0.9821922138042024
Д\286\012251371,1,0.9388777995789256
Д\286\012251371,1,0.9660770178747345
Д\286\012251492,1,0.9968958971511381
Д\286\012251588,1,0.9644845070503582
Д\286\012251645,1,0.9934319361890747
Д\286\012251667,1,0.9924211276455068
Д\286\012251667,1,0.9874354128556876
Д\286\012251919,1,0.949547688418069
Д\286\012252183,1,0.9800477497041482
Д\286\012252183,1,0.8984092902106521
Д\286\012252261,1,0.9665672605274166
Д\286\012252345,1,0.9580350463014964
Д\286\012252449,1,0.9931550643303352
Д\286\012252646,1,0.9800876257837743
Д\286\012252844,1,0.992433261374033
Д\286\012252850,1,0.9902480406294404
Д\286\012252948,1,0.9752559552944268
Д\286\012252948,1,0.9738727397833331
Д\286\012252961,1,0.9891273346702871
Д\286\012252961,1,0.963966087739895
Д\286\012252961,1,0.9888606873243263
Д\286\012253060,1,0.9894963218494057
Д\286\012253345,1,0.9682155703465414
Д\286\012253742,1,0.7391820486319363
Д\286\012253751,1,0.907807908510307
Д\286\012253786,1,0.9779214667414484
Д\286\012253905,1,0.9907631709018758
Д\286\012253916,1,0.9879520014876976
Д\286\012254066,1,0.9086729283069112
Д\286\012254107,1,0.9877187788539152
Д\286\012254341,1,0.9893664948336345
Д\286\012254564,1,0.87187576868345
Д\286\012254564,1,0.767958250858158
Д\286\012254663,1,0.9821423854770174
Д\286\012254663,1,0.8330380551220637
Д\286\012255562,1,0.9905718082950464
Д\286\012255568,1,0.9905284778616114
Д\286\012255576,1,0.9497314992892202
Д\286\012255700,1,0.9864397839361747
Д\286\012255724,1,0.9832937517547056
Д\286\012255724,1,0.8742739272460249
Д\286\012255771,1,0.9314803196228999
Д\286\012255771,1,0.9595755625245301
Д\286\012255804,1,0.9749020116209184
Д\286\012255804,1,0.990962109172717
Д\286\012255827,1,0.9869393127826843
Д\286\012255881,1,0.9943076707347153
Д\286\012256023,1,0.9833901161170224
Д\286\012256137,1,0.9784301763185019
Д\286\012256137,1,0.9912799112806315
Д\286\012256250,1,0.945761577316445
Д\286\012256703,1,0.9544488117005211
Д\286\012256703,1,0.9912911243410475
Д\286\012256795,1,0.9888003837987993
Д\286\012256795,1,0.9688837669590883
Д\286\012256804,1,0.981509810552309
Д\286\012256804,1,0.9343304550500613
Д\286\012256855,1,0.9819140456652333
Д\286\012256855,1,0.9802230773939331
Д\286\012256855,1,0.9917592307665929
Д\286\012257146,1,0.9167645477995773
Д\286\012257171,1,0.9446331468456672
Д\286\012257317,1,0.9639283667676458
Д\286\012257391,1,0.9861490846247467
Д\286\012257391,1,0.9913605112562329
Д\286\012257847,1,0.9765999722173564
Д\286\012257847,1,0.9738405730272718
Д\286\012257994,1,0.9868862992921756
Д\286\012258026,1,0.9902480519729691
Д\286\012258066,1,0.9836003044672809
Д\286\012258092,1,0.8922929555536995
Д\286\012258092,1,0.9795774540568143
Д\286\012258138,1,0.9854274390932131
Д\286\012258217,1,0.9641576050756447
Д\286\012258222,1,0.9945274480385977
Д\286\012258324,1,0.9811519887375326
Д\286\012258386,1,0.9949859498392496
Д\286\012258443,1,0.9926181717269741
Д\286\012258753,1,0.9289899948784455
Д\286\012258753,1,0.9904131992068782
Д\286\012258844,1,0.9508041762056775
Д\286\012258844,1,0.9964243130260781
Д\286\012258926,1,0.9879458300766778
Д\286\012259021,1,0.989306606049522
Д\286\012259075,1,0.9363582000140421
Д\286\012259172,1,0.8178998134135839
Д\286\012259252,1,0.9978983138690526
Д\286\012259275,1,0.9918364588525181
Д\286\012259282,1,0.9878619016071308
Д\286\012259329,1,0.9257490475293072
Д\286\012259329,1,0.953419889523023
Д\286\012259442,1,0.9901534701779652
Д\286\012259610,1,0.9975268681643732
Д\286\012259610,1,0.9945604182501905
Д\286\012259702,1,0.9495200174180941
Д\286\012259702,1,0.9838656973033151
Д\286\012259756,1,0.9948856043022901
Д\286\012259756,1,0.9846881693821068
Д\286\012259756,1,0.9974197410622635
Д\286\012259756,1,0.9555642937070852
Д\286\012259846,1,0.962426289817253
Д\286\012259859,1,0.9837624451077042
Д\286\012259964,1,0.9902393164808381
Д\286\012260011,1,0.9923834007739507
Д\286\012260108,1,0.9968321011692886
Д\286\012260255,1,0.9738525107474401
Д\286\012260456,1,0.9872900588431868
Д\286\012260613,1,0.964937489829169
Д\286\012260696,1,0.9756519003654128
Д\286\012260891,1,0.5895356489852802
Д\286\012261073,1,0.9689536600410724
Д\286\012261073,1,0.5448615731406977
Д\286\012261157,1,0.9760107459005017
Д\286\012261775,1,0.969975657230543
Д\286\012261775,1,0.9685751978835793
Д\286\012261850,1,0.8365638190132918
Д\286\012261850,1,0.9868688564633534
Д\286\012261850,1,0.9360414198706528
Д\286\012262079,1,0.9792257925184235
Д\286\012262118,1,0.9971225022694934
Д\286\012262158,1,0.9201337230219928
Д\286\012262194,1,0.9508041762056775
Д\286\012262194,1,0.8739298744188251
Д\286\012262194,1,0.9713609406824935
Д\286\012262295,1,0.9953973926846601
Д\286\012262339,1,0.994692033505638
Д\286\012262391,1,0.9821110883250245
Д\286\012262391,1,0.9630744834944535
Д\286\012262416,1,0.995229707351383
Д\286\012262700,1,0.9963002485582678
Д\286\012262714,1,0.9924799168118649
Д\286\012262760,1,0.9879116861797539
Д\286\012262760,1,0.9387027915982517
Д\286\012262760,1,0.8311510852895714
Д\286\012262841,1,0.9669590027500778
Д\286\012262963,1,0.9282553290647135
Д\286\012262978,1,0.9871370971925646
Д\286\012262980,1,0.9800569895178209
Д\286\012262980,1,0.9809800299391832
Д\286\012263459,1,0.9901412798422613
Д\286\012263584,1,0.703203894739479
Д\286\012263702,1,0.9593893638723466
Д\286\012263770,1,0.9788994685792048
Д\286\012263770,1,0.9800619758105767
Д\286\012263770,1,0.981963687444617
Д\286\012264017,1,0.9748361836473792
Д\286\012264165,1,0.9938516342147105
Д\286\012264166,1,0.9757170522934543
Д\286\012264294,1,0.9974997665745142
Д\286\012264327,1,0.9939159409555564
Д\286\012264445,1,0.9927270631635742
Д\286\012264445,1,0.9776916373075538
Д\286\012264445,1,0.9782780367642545
Д\286\012264650,1,0.9843263658990469
Д\286\012264774,1,0.9667210995802608
Д\286\012264774,1,0.9885966026688549
Д\286\012264819,1,0.9838851390200862
Д\286\012265113,1,0.9710380940385628
Д\286\012265175,1,0.9755519620694231
Д\286\012265177,1,0.9572042103769497
Д\286\012265224,1,0.6580898049326035
Д\286\012265233,1,0.9923647731955423
Д\286\012265305,1,0.9866611403325228
Д\286\012265399,1,0.9070355180058561
Д\286\012265577,1,0.9785177416933146
Д\286\012265720,1,0.9789380736851593
Д\286\012265720,1,0.9031406797944983
Д\286\012265720,1,0.9866822676769426
Д\286\012265720,1,0.8675778528868673
Д\286\012265720,1,0.9759466762834071
Д\286\012265720,1,0.8606908907953349
Д\286\012265741,1,0.9873158583558002
Д\286\012265741,1,0.9843159981719427
Д\286\012266053,1,0.8710016840759988
Д\286\012266067,1,0.9774200962116598
Д\286\012266088,1,0.9839849798350221
Д\286\012266211,1,0.9913397844498226
Д\286\012266211,1,0.9666264081104349
Д\286\012266211,1,0.9690678380042866
Д\286\012266339,1,0.9886487506444107
Д\286\012266339,1,0.9748151087966205
Д\286\012266339,1,0.9865985251713373
Д\286\012266400,1,0.9864283292741931
Д\286\012266590,1,0.8975032882685986
Д\286\012266756,1,0.9859204679525941
Д\286\012266756,1,0.945974257991218
Д\286\012266756,1,0.9849546328400538
Д\286\012266917,1,0.9867366548218607
Д\286\012266917,1,0.9730475962507297
Д\286\012266917,1,0.9444204288055593
Д\286\012267032,1,0.9928468480656989
Д\286\012267682,1,0.9845687433643515
Д\286\012267751,1,0.9915105711271819
Д\286\012267840,1,0.9938879386398743
Д\286\012267840,1,0.9567217919947053
Д\286\012267853,1,0.8399140154782307
Д\286\012268107,1,0.827601159376237
Д\286\012268107,1,0.9853602094193388
Д\286\012268110,1,0.9912629422602629
Д\286\012268437,1,0.9975978910062124
Д\286\012268733,1,0.9915841271262527
Д\286\012268737,1,0.972432871226992
Д\286\012268772,1,0.9979547146572191
Д\286\012268773,1,0.9685697793653463
Д\286\012269048,1,0.9726915983341831
Д\286\012269048,1,0.916071620705648
Д\286\012269069,1,0.9717085412081882
Д\286\012269112,1,0.9823777905166009
Д\286\012269253,1,0.9459311891926668
Д\286\012269253,1,0.9510256761601322
Д\286\012269532,1,0.9965744501486706
Д\286\012269631,1,0.9508041762056775
Д\286\012269631,1,0.9954856074951491
Д\286\012269768,1,0.9301277582076573
Д\286\012270150,1,0.9824539189166458
Д\286\012270207,1,0.929597057613446
Д\286\012270282,1,0.9730859308031112
Д\286\012270282,1,0.7448095432116647
Д\286\012270282,1,0.9757949984903418
Д\286\012270357,1,0.9481783382572146
Д\286\012270479,1,0.9875068930831263
Д\286\012270479,1,0.9959936589736881
Д\286\012270548,1,0.9050542850880372
Д\286\012270582,1,0.9892035715943542
Д\286\012270971,1,0.9099036086528041
Д\286\012270971,1,0.9233086501607595
Д\286\012271496,1,0.9873061840713576
Д\286\012271496,1,0.9935057961674374
Д\286\012271803,1,0.7922205573553701
Д\286\012271803,1,0.9622494383040415
Д\286\012271803,1,0.9827634900201493
Д\286\012271904,1,0.9893082549949671
Д\286\012271934,1,0.9699455776802245
Д\286\012272078,1,0.9924427581057187
Д\286\012272078,1,0.9809724777649552
Д\286\012272166,1,0.9865104296684485
Д\286\012272239,1,0.9943166099909542
Д\286\012272421,1,0.9588714166484171
Д\286\012272421,0,0.33857000474427734
Д\286\012272823,1,0.9925621499468206
Д\286\012272823,1,0.9717954956231597
Д\286\012272896,1,0.9975265765297849
Д\286\012272917,1,0.9688185336412317
Д\286\012272923,1,0.9835149442991096
Д\286\012272952,1,0.9929585546250506
Д\286\012272952,1,0.992858906544373
Д\286\012273155,1,0.9651537232977904
Д\286\012273270,1,0.9718603519614183
Д\286\012273383,1,0.9977014149183417
Д\286\012273383,1,0.9784489710544328
Д\286\012273418,1,0.9828070143323654
Д\286\012273418,1,0.9949296538327018
Д\286\012273748,1,0.9929868909414237
Д\286\012273923,1,0.9720411594269227
Д\286\012274015,1,0.9888346310181885
Д\286\012274015,1,0.9833203514634384
Д\286\012274038,0,0.1724796703340548
Д\286\012274038,1,0.9845812144783036
Д\286\012274086,1,0.9453431507265596
Д\286\012274191,1,0.9652524296322896
Д\286\012274212,1,0.989090114018734
Д\286\012274306,1,0.9562031533750782
Д\286\012274306,1,0.9777814068444695
Д\286\012274306,1,0.9840230892799489
Д\286\012274306,1,0.9845573412671386
Д\286\012274306,1,0.9812343364672131
Д\286\012274406,1,0.9884433895747201
Д\286\012274450,1,0.9539484155929818
Д\286\012274534,1,0.9719788387924863
Д\286\012274556,1,0.9701153320012783
Д\286\012274791,1,0.9912531912955892
Д\286\012274913,1,0.8786307537198869
Д\286\012274956,1,0.9947393241213695
Д\286\012275497,1,0.988889820127134
Д\286\012275753,1,0.9904477139022131
Д\286\012275753,1,0.9977551905510463
Д\286\012276461,1,0.9508041762056775
Д\286\012276474,1,0.9779799312686978
Д\286\012276504,1,0.9825277429777524
Д\286\012276513,1,0.9918148791472874
Д\286\012276539,1,0.9941190850236264
Д\286\012276555,1,0.9469170021027884
Д\286\012276804,1,0.9667589498337784
Д\286\012277014,1,0.9854842037242989
Д\286\012277014,1,0.9206286781754576
Д\286\012277014,1,0.9870130474544968
Д\286\012277066,1,0.9748918262445349
Д\286\012277303,1,0.9962243493751655
Д\286\012277303,1,0.9860328954828335
Д\286\012277582,1,0.9549257436899315
Д\286\012277582,1,0.992804760488889
Д\286\012277582,1,0.9915534457456984
Д\286\012277613,1,0.9938099373080267
Д\286\012277613,1,0.9752746967455554
Д\286\012277613,1,0.9904950065251558
Д\286\012277646,1,0.9729001656802033
Д\286\012277646,1,0.9508041762056775
Д\286\012277732,1,0.9925115604076585
Д\286\012277732,1,0.9959003315614223
Д\286\012277732,1,0.980322289272786
Д\286\012277804,1,0.9949346981232513
Д\286\012277937,1,0.9764033115448868
Д\286\012278013,1,0.9916093962272589
Д\286\012278038,0,0.39217786985813896
Д\286\012278406,1,0.9598510987589456
Д\286\012278406,1,0.9916202071318919
Д\286\012278406,1,0.7179986562281513
Д\286\012278406,1,0.8686539569175195
Д\286\012278406,1,0.9708665108532663
Д\286\012278828,1,0.9807548090077076
Д\286\012279046,1,0.9955466212298479
Д\286\012279340,1,0.9883869817056713
Д\286\012279542,1,0.946916077257427
Д\286\012279645,1,0.9774539963313211
Д\286\012279647,1,0.9798461917189595
Д\286\012279834,1,0.6767060307964254
Д\286\012279899,1,0.9721040989509643
Д\286\012280119,1,0.9646739250300975
Д\286\012280206,1,0.9694392607299845
Д\286\012280206,1,0.9542906688590223
Д\286\012280206,1,0.9897013444055138
Д\286\012280221,1,0.9945182613268643
Д\286\012280221,1,0.9750215810769817
Д\286\012280288,1,0.913479608609614
Д\286\012280406,1,0.9884949155065246
Д\286\012280624,1,0.9850135336621197
Д\286\012280650,1,0.9918824442462452
Д\286\012280735,1,0.9851271026395925
Д\286\012280735,1,0.9905608851678832
Д\286\012280735,1,0.983668129938642
Д\286\012281072,1,0.8308211734648423
Д\286\012281211,1,0.9966009908402691
Д\286\012281368,1,0.9827546673652713
Д\286\012281368,1,0.9883428784571545
Д\286\012281368,1,0.991786875622548
Д\286\012281634,1,0.904327862185576
Д\286\012282116,1,0.9922594433467872
Д\286\012282116,1,0.918996608340883
Д\286\012282116,1,0.9326807658006554
Д\286\012282192,1,0.766898754232637
Д\286\012282301,1,0.9731776018289606
Д\286\012282301,1,0.9894606958894562
Д\286\012282352,1,0.9934043790321171
Д\286\012282352,1,0.9503572296045196
Д\286\012282372,1,0.9481746319430512
Д\286\012282372,1,0.9498085843685934
Д\286\012282372,1,0.9897041980838528
Д\286\012282372,1,0.9667557664792198
Д\286\012282486,1,0.988456346009775
Д\286\012282584,1,0.9974319025042622
Д\286\012282793,1,0.9679613719020203
Д\286\012282924,1,0.9240798814005039
Д\286\012282924,1,0.9342054045096557
Д\286\012283072,1,0.9476662409906409
Д\286\012283264,1,0.9874421815704291
Д\286\012283329,1,0.9894784576475075
Д\286\012283329,1,0.9383962638500345
Д\286\012283329,1,0.9644882505758623
Д\286\012283329,1,0.9796903971645445
Д\286\012283329,1,0.8955656835589121
Д\286\012283329,1,0.9645440390407162
Д\286\012283522,1,0.9811855029404285
Д\286\012283522,1,0.7143410062008303
Д\286\012283653,1,0.9203545154563902
Д\286\012283927,1,0.9902568965999996
Д\286\012283941,1,0.9706160728663406
Д\286\012284012,1,0.8995915702517254
Д\286\012284012,1,0.9976395392947434
Д\286\012284170,1,0.9644772730905601
Д\286\012284351,1,0.9595902370194644
Д\286\012284351,1,0.9947523256701842
Д\286\012284373,1,0.9857350858789801
Д\286\012284924,1,0.9898260741551763
Д\286\012285056,1,0.979414816607073
Д\286\012285056,1,0.9525187333298367
Д\286\012285056,1,0.9119204164779928
Д\286\012285056,1,0.9248455047170513
Д\286\012285056,1,0.9831193830386482
Д\286\012285398,1,0.8934215333817361
Д\286\012285483,1,0.9508041762056775
Д\286\012285483,1,0.602232950790501
Д\286\012285483,1,0.9806235617284842
Д\286\012285587,1,0.9705965694979847
Д\286\012285587,1,0.9940668133895533
Д\286\012285587,1,0.9775057759301251
Д\286\012285825,1,0.9644505611715016
Д\286\012286009,1,0.972187966942659
Д\286\012286009,1,0.9682955705165261
Д\286\012286009,1,0.9835273714932874
Д\286\012286009,1,0.9384697762158051
Д\286\012286050,1,0.9710065554505296
Д\286\012286148,0,0.37971009100983055
Д\286\012286148,1,0.9955873242082118
Д\286\012286271,1,0.9213690907269543
Д\286\012286315,1,0.9963169470742352
Д\286\012286315,1,0.9829252404616959
Д\286\012286401,1,0.9448709391545097
Д\286\012286634,1,0.9433925607970416
Д\286\012286957,1,0.9735373089673767
Д\286\012287005,1,0.9676300229196783
Д\286\012287005,1,0.9961535558610549
Д\286\012287005,1,0.9912857086428841
Д\286\012287233,1,0.9884444646784496
Д\286\012287233,1,0.8324557434401836
Д\286\012287329,1,0.9860695902379273
Д\286\012287525,1,0.9331587580557146
Д\286\012287562,1,0.910012728428673
Д\286\012287562,1,0.9885782644274049
Д\286\012287717,1,0.936129623189752
Д\286\012287926,1,0.990686658682693
Д\286\012287978,1,0.9935343592097794
Д\286\012288955,1,0.980465187241245
Д\286\012288955,1,0.9188707538433732
Д\286\012289160,1,0.9931382854066167
Д\286\012289162,1,0.9963751141350831
Д\286\012289216,1,0.9903378850694163
Д\286\012289398,1,0.9879217171732848
Д\286\012289427,1,0.9540605434417436
Д\286\012289453,1,0.9966384803219863
Д\286\012289828,1,0.9678993586325724
Д\286\012290710,1,0.9950927698892733
Д\286\012290760,1,0.9331854633063543
Д\286\012290821,1,0.9648971310429884
Д\286\012290821,1,0.9940799408488462
Д\286\012290892,1,0.9711733764790371
Д\286\012290892,1,0.9956368507497669
Д\286\012290945,1,0.9796188855846019
Д\286\012291213,1,0.9669994695830727
Д\286\012291213,1,0.994399093818651
Д\286\012291375,1,0.9598457740373034
Д\286\012291375,1,0.9762487366844839
Д\286\012291416,1,0.989054217564892
Д\286\012291523,1,0.9315577878393376
Д\286\012291573,1,0.9704838181377275
Д\286\012291763,1,0.6873668717631269
Д\286\012291799,1,0.9938857204511479
Д\286\012291853,1,0.9894537301367259
Д\286\012291853,1,0.9889308563034624
Д\286\012291937,1,0.9905293653661891
Д\286\012292011,1,0.9726208818728012
Д\286\012292011,1,0.9846210175446579
Д\286\012292018,1,0.9783577961616936
Д\286\012292046,1,0.9704292287641078
Д\286\012292046,1,0.877744350810733
Д\286\012292331,1,0.9508041762056775
Д\286\012292331,1,0.9508041762056775
Д\286\012292331,1,0.9945374386152271
Д\286\012292418,1,0.996555539367499
Д\286\012292587,1,0.9909405162936245
Д\286\012292818,1,0.9938777143506023
Д\286\012292857,1,0.9572016188553443
Д\286\012292857,1,0.9937600906157551
Д\286\012292867,1,0.9675685108615588
Д\286\012292871,1,0.9757667495959947
Д\286\012292871,1,0.9915341624108995
Д\286\012292871,1,0.9487245169480675
Д\286\012292871,1,0.8819209556424502
Д\286\012293039,1,0.9601460905528666
Д\286\012293066,1,0.987276629099663
Д\286\012293228,1,0.9925108577681723
Д\286\012293237,1,0.9930974309959616
Д\286\012293324,1,0.9184870055291474
Д\286\012293331,1,0.9778776110497703
Д\286\012293431,1,0.9927226123960067
Д\286\012293431,1,0.9720513505030731
Д\286\012293431,1,0.959326577720566
Д\286\012293494,1,0.954165623451763
Д\286\012293527,1,0.9818348701958935
Д\286\012293636,1,0.9579050136740459
Д\286\012293636,1,0.9951294670885221
Д\286\012293636,1,0.9745451304564072
Д\286\012293636,1,0.9686888812383538
Д\286\012293636,1,0.9104357489695968
Д\286\012293636,1,0.9347070917941255
Д\286\012293638,1,0.9786297424417486
Д\286\012293640,1,0.978190233714517
Д\286\012293642,1,0.9920183134884394
Д\286\012293718,1,0.9944284020007889
Д\286\012293730,1,0.9508041762056775
Д\286\012293730,1,0.989477008976911
Д\286\012293957,1,0.9769499695764815
Д\286\012294191,1,0.9508041762056775
Д\286\012294191,1,0.9508041762056775
Д\286\012294191,1,0.9508041762056775
Д\286\012294191,1,0.991197836045263
Д\286\012294191,1,0.99713038127747
Д\286\012294269,1,0.9896973990684427
Д\286\012294688,1,0.9840507547678466
Д\286\012294688,1,0.9722089560418062
Д\286\012294688,1,0.8557597381587615
Д\286\012294688,1,0.9779136315821667
Д\286\012294865,1,0.9617843411738263
Д\286\012294914,0,0.3970387175085723
Д\286\012295256,1,0.9979326136779445
Д\286\012295507,1,0.896820620385259
Д\286\012295507,1,0.9891707163377054
Д\286\012295574,1,0.997162238679011
Д\286\012295617,1,0.9604377245081277
Д\286\012295617,1,0.8996879878571716
Д\286\012295778,1,0.9742047169536809
Д\286\012296454,1,0.938370194859998
Д\286\012296483,1,0.9777243924122108
Д\286\012296700,1,0.9133892833633549
Д\286\012296700,1,0.9604525203761429
Д\286\012296812,1,0.8837230148959098
Д\286\012296833,1,0.9568172382677106
Д\286\012296919,1,0.9508041762056775
Д\286\012296919,1,0.9894823479573195
Д\286\012296934,1,0.9508041762056775
Д\286\012296934,1,0.9962014771712946
Д\286\012297060,1,0.9675600343150974
Д\286\012297060,1,0.9883364882916871
Д\286\012297139,1,0.9792136293325961
Д\286\012297670,1,0.9619892777201011
Д\286\012298187,1,0.9841396386825015
Д\286\012298241,1,0.9842116042584148
Д\286\012298292,1,0.9376045449237453
Д\286\012298292,1,0.9949154577656584
Д\286\012298397,1,0.9819557240127601
Д\286\012299310,1,0.967579019543845
Д\286\012299565,1,0.9870884596052393
Д\286\012299565,1,0.941144374874656
Д\286\012299740,1,0.9090988598255494
Д\286\012299847,1,0.9900310704427236
Д\286\012299957,1,0.9508041762056775
Д\286\012299957,1,0.985901647263605
Д\286\012299957,1,0.9694580553711619
Д\286\012300225,1,0.9877542606505805
Д\286\012300408,1,0.9776301449149233
Д\286\012300409,1,0.987827649222629
Д\286\012300502,1,0.9281356259598239
Д\286\012300543,1,0.9072137087416293
Д\286\012300546,1,0.9849149203861423
Д\286\012300567,1,0.9795971128466096
Д\286\012300567,1,0.9899450301745173
Д\286\012300568,1,0.989835749540119
Д\286\012300601,1,0.9649580485106933
Д\286\012300608,1,0.9871476284972504
Д\286\012300666,1,0.9828736523448467
Д\286\012300769,1,0.9903858421740238
Д\286\012300796,1,0.5041444896649253
Д\286\012300804,1,0.9801770238456365
Д\286\012300872,1,0.9698223050509455
Д\286\012301068,1,0.992738439437773
Д\286\012301068,1,0.9805498250906185
Д\286\012301068,1,0.972963255899214
Д\286\012301068,1,0.9508041762056775
Д\286\012301068,1,0.9508041762056775
Д\286\012301084,1,0.991723561380276
Д\286\012301139,1,0.9896543619491687
Д\286\012301156,0,0.15014657494257122
Д\286\012301207,1,0.9924586705802433
Д\286\012301447,1,0.9849200964569014
Д\286\012301484,1,0.9511737142715002
Д\286\012301484,1,0.9139751000004426
Д\286\012301506,1,0.9886691371929287
Д\286\012301652,1,0.9953972294273171
Д\286\012301652,1,0.9923434839268609
Д\286\012301870,1,0.8371041145158015
Д\286\012301997,1,0.9857749051397633
Д\286\012302312,1,0.9053247729991383
Д\286\012302332,1,0.9438052839148077
Д\286\012302348,1,0.9865557688171704
Д\286\012302353,1,0.9840082318183808
Д\286\012302358,1,0.998490448901077
Д\286\012302411,1,0.9897087856514257
Д\286\012302472,1,0.9508041762056775
Д\286\012302472,1,0.9895920255852142
Д\286\012302939,1,0.9479405174901455
Д\286\012302965,1,0.9719419801586506
Д\286\012302965,1,0.9330015727458547
Д\286\012303013,1,0.9800276142111909
Д\286\012303067,1,0.9512869048819702
Д\286\012303139,1,0.9442573970395132
Д\286\012303275,1,0.9839442016805986
Д\286\012303275,1,0.978049766271526
Д\286\012303338,1,0.8708549519853592
Д\286\012303397,1,0.9734906293151713
Д\286\012303440,1,0.9931761865127168
Д\286\012303583,1,0.9741852424607766
Д\286\012303583,1,0.9780767385115978
Д\286\012303697,1,0.9855209213021889
Д\286\012303710,1,0.9761202848236771
Д\286\012303873,1,0.9808204307782495
Д\286\012303966,1,0.9926351070512768
Д\286\012304093,1,0.9869984840856153
Д\286\012304323,1,0.9860051654689246
Д\286\012304356,1,0.9285430296300425
Д\286\012304356,1,0.9123642827347092
Д\286\012304819,1,0.9954187798556218
Д\286\012304910,1,0.8171180176024069
Д\286\012304913,1,0.9636105035097889
Д\286\012304947,1,0.9741779148903404
Д\286\012305049,1,0.9884828099380315
Д\286\012305184,1,0.9860745868104347
Д\286\012305250,1,0.9498540994856076
Д\286\012305278,1,0.8085155890934647
Д\286\012305607,1,0.9852847105358473
Д\286\012305716,1,0.9903488128436196
Д\286\012305785,1,0.9847516871936337
Д\286\012305922,1,0.9899222176279056
Д\286\012305970,1,0.901538355822637
Д\286\012305970,1,0.9573969610969997
Д\286\012306016,1,0.9847823183201216
Д\286\012306051,1,0.9200298472578511
Д\286\012306059,1,0.9751393419829973
Д\286\012306059,1,0.9697645602584494
Д\286\012306102,1,0.9973959661068577
Д\286\012306189,1,0.9153652159049611
Д\286\012306299,1,0.997094989321942
Д\286\012306594,1,0.9876337439127258
Д\286\012306595,1,0.9922897158342446
